"agent_id","strainName","n_validated_production_groups","n_usable_pyoverdines","has_production","has_utilization"
"STR_0001","GCF_000009125.1",2,23,TRUE,TRUE
"STR_0002","GCF_000009285.1",1,11,TRUE,TRUE
"STR_0003","GCF_000010545.1",1,8,TRUE,TRUE
"STR_0004","GCF_000011545.1",2,12,TRUE,TRUE
"STR_0005","GCF_000011705.1",1,8,TRUE,TRUE
"STR_0006","GCF_000012365.1",2,12,TRUE,TRUE
"STR_0007","GCF_000012785.1",2,12,TRUE,TRUE
"STR_0008","GCF_000012945.1",2,12,TRUE,TRUE
"STR_0009","GCF_000013645.1",1,1,TRUE,TRUE
"STR_0010","GCF_000015325.1",1,4,TRUE,TRUE
"STR_0011","GCF_000015465.1",1,8,TRUE,TRUE
"STR_0012","GCF_000015605.1",1,8,TRUE,TRUE
"STR_0013","GCF_000015625.1",1,8,TRUE,TRUE
"STR_0014","GCF_000015905.1",2,12,TRUE,TRUE
"STR_0015","GCF_000015925.1",2,12,TRUE,TRUE
"STR_0016","GCF_000018505.1",1,8,TRUE,TRUE
"STR_0017","GCF_000018665.1",1,24,TRUE,TRUE
"STR_0018","GCF_000019505.1",2,12,TRUE,TRUE
"STR_0019","GCF_000019925.1",1,8,TRUE,TRUE
"STR_0020","GCF_000020045.1",1,0,TRUE,FALSE
"STR_0021","GCF_000020125.1",1,9,TRUE,TRUE
"STR_0022","GCF_000022645.2",1,2,TRUE,TRUE
"STR_0023","GCF_000093145.3",1,9,TRUE,TRUE
"STR_0024","GCF_000143225.1",0,10,FALSE,TRUE
"STR_0025","GCF_000165835.1",1,23,TRUE,TRUE
"STR_0026","GCF_000176855.2",1,4,TRUE,TRUE
"STR_0027","GCF_000193595.2",1,2,TRUE,TRUE
"STR_0028","GCF_000193615.2",1,2,TRUE,TRUE
"STR_0029","GCF_000194745.1",1,5,TRUE,TRUE
"STR_0030","GCF_000195675.1",1,2,TRUE,TRUE
"STR_0031","GCF_000195695.1",1,2,TRUE,TRUE
"STR_0032","GCF_000195715.1",1,2,TRUE,TRUE
"STR_0033","GCF_000196015.1",1,21,TRUE,TRUE
"STR_0034","GCF_000203915.1",2,16,TRUE,TRUE
"STR_0035","GCF_000203955.1",2,12,TRUE,TRUE
"STR_0036","GCF_000212975.1",1,2,TRUE,TRUE
"STR_0037","GCF_000214395.1",0,22,FALSE,TRUE
"STR_0038","GCF_000215325.1",2,25,TRUE,TRUE
"STR_0039","GCF_000219215.1",1,10,TRUE,TRUE
"STR_0040","GCF_000219915.2",0,7,FALSE,TRUE
"STR_0041","GCF_000221045.1",1,8,TRUE,TRUE
"STR_0042","GCF_000236215.2",2,12,TRUE,TRUE
"STR_0043","GCF_000260515.1",2,12,TRUE,TRUE
"STR_0044","GCF_000262695.1",1,8,TRUE,TRUE
"STR_0045","GCF_000283475.1",2,24,TRUE,TRUE
"STR_0046","GCF_000292915.1",1,8,TRUE,TRUE
"STR_0047","GCF_000294635.1",2,12,TRUE,TRUE
"STR_0048","GCF_000300095.1",0,8,FALSE,TRUE
"STR_0049","GCF_000300435.2",1,7,TRUE,TRUE
"STR_0050","GCF_000306945.1",1,2,TRUE,TRUE
"STR_0051","GCF_000317935.1",1,2,TRUE,TRUE
"STR_0052","GCF_000317955.1",1,2,TRUE,TRUE
"STR_0053","GCF_000318015.1",1,2,TRUE,TRUE
"STR_0054","GCF_000341465.2",1,16,TRUE,TRUE
"STR_0055","GCF_000341485.2",1,16,TRUE,TRUE
"STR_0056","GCF_000385525.1",2,11,TRUE,TRUE
"STR_0057","GCF_000402035.1",1,8,TRUE,TRUE
"STR_0058","GCF_000439695.1",2,12,TRUE,TRUE
"STR_0059","GCF_000463015.1",1,4,TRUE,TRUE
"STR_0060","GCF_000494855.1",2,12,TRUE,TRUE
"STR_0061","GCF_000511895.1",2,12,TRUE,TRUE
"STR_0062","GCF_000521505.1",0,7,FALSE,TRUE
"STR_0063","GCF_000522545.2",1,8,TRUE,TRUE
"STR_0064","GCF_000567905.1",2,12,TRUE,TRUE
"STR_0065","GCF_000567925.1",1,4,TRUE,TRUE
"STR_0066","GCF_000567945.1",2,12,TRUE,TRUE
"STR_0067","GCF_000701165.1",2,12,TRUE,TRUE
"STR_0068","GCF_000705535.2",2,12,TRUE,TRUE
"STR_0069","GCF_000706745.1",2,12,TRUE,TRUE
"STR_0070","GCF_000723165.1",0,2,FALSE,TRUE
"STR_0071","GCF_000739375.1",0,9,FALSE,TRUE
"STR_0072","GCF_000755725.1",1,16,TRUE,TRUE
"STR_0073","GCF_000755765.1",2,12,TRUE,TRUE
"STR_0074","GCF_000755785.1",1,8,TRUE,TRUE
"STR_0075","GCF_000755805.1",2,12,TRUE,TRUE
"STR_0076","GCF_000755825.1",2,12,TRUE,TRUE
"STR_0077","GCF_000755845.1",1,8,TRUE,TRUE
"STR_0078","GCF_000755865.1",1,8,TRUE,TRUE
"STR_0079","GCF_000755885.1",1,8,TRUE,TRUE
"STR_0080","GCF_000755905.1",2,12,TRUE,TRUE
"STR_0081","GCF_000755925.1",2,12,TRUE,TRUE
"STR_0082","GCF_000755945.1",2,12,TRUE,TRUE
"STR_0083","GCF_000756025.1",1,8,TRUE,TRUE
"STR_0084","GCF_000756045.1",1,1,TRUE,TRUE
"STR_0085","GCF_000756065.1",2,12,TRUE,TRUE
"STR_0086","GCF_000756085.1",2,12,TRUE,TRUE
"STR_0087","GCF_000756125.1",2,12,TRUE,TRUE
"STR_0088","GCF_000756165.1",2,12,TRUE,TRUE
"STR_0089","GCF_000756185.1",2,12,TRUE,TRUE
"STR_0090","GCF_000757015.2",2,12,TRUE,TRUE
"STR_0091","GCF_000757035.2",2,12,TRUE,TRUE
"STR_0092","GCF_000762285.1",1,8,TRUE,TRUE
"STR_0093","GCF_000764595.1",2,12,TRUE,TRUE
"STR_0094","GCF_000764955.1",1,8,TRUE,TRUE
"STR_0095","GCF_000765375.1",2,12,TRUE,TRUE
"STR_0096","GCF_000770395.1",2,12,TRUE,TRUE
"STR_0097","GCF_000770455.1",2,12,TRUE,TRUE
"STR_0098","GCF_000770495.1",2,12,TRUE,TRUE
"STR_0099","GCF_000770515.1",2,12,TRUE,TRUE
"STR_0100","GCF_000770535.1",2,12,TRUE,TRUE
"STR_0101","GCF_000783435.2",0,27,FALSE,TRUE
"STR_0102","GCF_000807775.2",0,7,FALSE,TRUE
"STR_0103","GCF_000807785.2",0,7,FALSE,TRUE
"STR_0104","GCF_000808035.2",2,12,TRUE,TRUE
"STR_0105","GCF_000812165.1",1,2,TRUE,TRUE
"STR_0106","GCF_000814845.2",1,7,TRUE,TRUE
"STR_0107","GCF_000815105.2",1,14,TRUE,TRUE
"STR_0108","GCF_000826965.5",0,4,FALSE,TRUE
"STR_0109","GCF_000829175.1",1,2,TRUE,TRUE
"STR_0110","GCF_000832305.1",0,17,FALSE,TRUE
"STR_0111","GCF_000835205.1",3,9,TRUE,TRUE
"STR_0112","GCF_000934605.2",1,3,TRUE,TRUE
"STR_0113","GCF_000953095.1",2,12,TRUE,TRUE
"STR_0114","GCF_000954135.1",0,2,FALSE,TRUE
"STR_0115","GCF_000954175.1",2,12,TRUE,TRUE
"STR_0116","GCF_000959125.1",2,12,TRUE,TRUE
"STR_0117","GCF_000959145.1",2,12,TRUE,TRUE
"STR_0118","GCF_000959165.1",1,8,TRUE,TRUE
"STR_0119","GCF_000959185.1",2,12,TRUE,TRUE
"STR_0120","GCF_000959205.1",2,12,TRUE,TRUE
"STR_0121","GCF_000959225.1",2,12,TRUE,TRUE
"STR_0122","GCF_000959245.1",2,16,TRUE,TRUE
"STR_0123","GCF_000959265.1",2,12,TRUE,TRUE
"STR_0124","GCF_000959285.1",2,12,TRUE,TRUE
"STR_0125","GCF_000959305.1",2,12,TRUE,TRUE
"STR_0126","GCF_000959325.1",2,11,TRUE,TRUE
"STR_0127","GCF_000959345.1",2,12,TRUE,TRUE
"STR_0128","GCF_000959365.1",2,15,TRUE,TRUE
"STR_0129","GCF_000959405.1",1,8,TRUE,TRUE
"STR_0130","GCF_000959425.1",2,12,TRUE,TRUE
"STR_0131","GCF_000959445.1",1,8,TRUE,TRUE
"STR_0132","GCF_000959465.1",1,8,TRUE,TRUE
"STR_0133","GCF_000959485.1",1,8,TRUE,TRUE
"STR_0134","GCF_000959505.1",1,8,TRUE,TRUE
"STR_0135","GCF_000959525.1",1,8,TRUE,TRUE
"STR_0136","GCF_000959545.1",2,16,TRUE,TRUE
"STR_0137","GCF_000959605.1",2,12,TRUE,TRUE
"STR_0138","GCF_000959625.1",1,8,TRUE,TRUE
"STR_0139","GCF_000959725.1",1,2,TRUE,TRUE
"STR_0140","GCF_000960995.1",1,2,TRUE,TRUE
"STR_0141","GCF_000961515.1",1,1,TRUE,TRUE
"STR_0142","GCF_000967305.2",0,2,FALSE,TRUE
"STR_0143","GCF_000972785.3",1,10,TRUE,TRUE
"STR_0144","GCF_000974835.2",1,8,TRUE,TRUE
"STR_0145","GCF_001010785.2",0,4,FALSE,TRUE
"STR_0146","GCF_001013565.1",1,2,TRUE,TRUE
"STR_0147","GCF_001027265.1",0,4,FALSE,TRUE
"STR_0148","GCF_001028665.1",3,16,TRUE,TRUE
"STR_0149","GCF_001029105.3",0,7,FALSE,TRUE
"STR_0150","GCF_001029145.1",1,8,TRUE,TRUE
"STR_0151","GCF_001040945.1",0,10,FALSE,TRUE
"STR_0152","GCF_001051055.1",1,16,TRUE,TRUE
"STR_0153","GCF_001078275.1",0,10,FALSE,TRUE
"STR_0154","GCF_001078295.1",0,10,FALSE,TRUE
"STR_0155","GCF_001262075.1",0,3,FALSE,TRUE
"STR_0156","GCF_001267925.1",1,6,TRUE,TRUE
"STR_0157","GCF_001277895.1",2,12,TRUE,TRUE
"STR_0158","GCF_001277975.1",2,12,TRUE,TRUE
"STR_0159","GCF_001281465.1",0,9,FALSE,TRUE
"STR_0160","GCF_001299555.1",2,31,TRUE,TRUE
"STR_0161","GCF_001307525.1",1,2,TRUE,TRUE
"STR_0162","GCF_001307565.1",1,2,TRUE,TRUE
"STR_0163","GCF_001307585.1",1,2,TRUE,TRUE
"STR_0164","GCF_001307605.1",1,2,TRUE,TRUE
"STR_0165","GCF_001307625.1",1,2,TRUE,TRUE
"STR_0166","GCF_001307645.1",1,2,TRUE,TRUE
"STR_0167","GCF_001307665.1",1,2,TRUE,TRUE
"STR_0168","GCF_001307685.1",1,2,TRUE,TRUE
"STR_0169","GCF_001307705.1",1,2,TRUE,TRUE
"STR_0170","GCF_001307725.1",1,2,TRUE,TRUE
"STR_0171","GCF_001307745.1",1,2,TRUE,TRUE
"STR_0172","GCF_001318245.1",2,12,TRUE,TRUE
"STR_0173","GCF_001406795.1",0,9,FALSE,TRUE
"STR_0174","GCF_001411495.1",2,12,TRUE,TRUE
"STR_0175","GCF_001411805.1",3,16,TRUE,TRUE
"STR_0176","GCF_001449005.1",1,8,TRUE,TRUE
"STR_0177","GCF_001457475.1",3,37,TRUE,TRUE
"STR_0178","GCF_001465545.3",0,20,FALSE,TRUE
"STR_0179","GCF_001465595.2",0,4,FALSE,TRUE
"STR_0180","GCF_001483945.1",0,2,FALSE,TRUE
"STR_0181","GCF_001484665.1",2,12,TRUE,TRUE
"STR_0182","GCF_001509895.1",1,2,TRUE,TRUE
"STR_0183","GCF_001509915.1",1,2,TRUE,TRUE
"STR_0184","GCF_001513745.1",2,11,TRUE,TRUE
"STR_0185","GCF_001514355.1",1,24,TRUE,TRUE
"STR_0186","GCF_001522105.2",2,15,TRUE,TRUE
"STR_0187","GCF_001522135.2",2,15,TRUE,TRUE
"STR_0188","GCF_001522585.2",1,8,TRUE,TRUE
"STR_0189","GCF_001522635.2",3,19,TRUE,TRUE
"STR_0190","GCF_001523745.2",3,19,TRUE,TRUE
"STR_0191","GCF_001523915.2",1,8,TRUE,TRUE
"STR_0192","GCF_001524625.2",3,19,TRUE,TRUE
"STR_0193","GCF_001524645.2",1,8,TRUE,TRUE
"STR_0194","GCF_001532025.2",3,19,TRUE,TRUE
"STR_0195","GCF_001558755.2",2,34,TRUE,TRUE
"STR_0196","GCF_001558915.1",1,24,TRUE,TRUE
"STR_0197","GCF_001559055.1",1,2,TRUE,TRUE
"STR_0198","GCF_001559195.1",2,25,TRUE,TRUE
"STR_0199","GCF_001584145.1",1,8,TRUE,TRUE
"STR_0200","GCF_001584185.1",1,8,TRUE,TRUE
"STR_0201","GCF_001584205.1",1,8,TRUE,TRUE
"STR_0202","GCF_001584225.1",1,8,TRUE,TRUE
"STR_0203","GCF_001586135.1",1,22,TRUE,TRUE
"STR_0204","GCF_001587135.1",2,25,TRUE,TRUE
"STR_0205","GCF_001587155.1",2,25,TRUE,TRUE
"STR_0206","GCF_001593665.2",1,4,TRUE,TRUE
"STR_0207","GCF_001605035.1",1,2,TRUE,TRUE
"STR_0208","GCF_001605055.1",1,2,TRUE,TRUE
"STR_0209","GCF_001605075.1",1,2,TRUE,TRUE
"STR_0210","GCF_001605095.1",1,2,TRUE,TRUE
"STR_0211","GCF_001605115.1",1,2,TRUE,TRUE
"STR_0212","GCF_001605135.1",1,2,TRUE,TRUE
"STR_0213","GCF_001605155.1",1,2,TRUE,TRUE
"STR_0214","GCF_001605175.1",1,2,TRUE,TRUE
"STR_0215","GCF_001605195.1",1,2,TRUE,TRUE
"STR_0216","GCF_001605215.1",1,2,TRUE,TRUE
"STR_0217","GCF_001605235.1",1,2,TRUE,TRUE
"STR_0218","GCF_001605255.1",1,2,TRUE,TRUE
"STR_0219","GCF_001605275.1",1,2,TRUE,TRUE
"STR_0220","GCF_001605295.1",1,2,TRUE,TRUE
"STR_0221","GCF_001605345.1",1,2,TRUE,TRUE
"STR_0222","GCF_001605365.1",1,2,TRUE,TRUE
"STR_0223","GCF_001605385.1",1,2,TRUE,TRUE
"STR_0224","GCF_001605405.1",1,2,TRUE,TRUE
"STR_0225","GCF_001605425.1",1,2,TRUE,TRUE
"STR_0226","GCF_001605445.1",1,2,TRUE,TRUE
"STR_0227","GCF_001605465.1",1,2,TRUE,TRUE
"STR_0228","GCF_001605485.1",1,2,TRUE,TRUE
"STR_0229","GCF_001605505.1",1,2,TRUE,TRUE
"STR_0230","GCF_001605525.1",1,2,TRUE,TRUE
"STR_0231","GCF_001605545.1",1,2,TRUE,TRUE
"STR_0232","GCF_001605565.1",1,2,TRUE,TRUE
"STR_0233","GCF_001605585.1",1,2,TRUE,TRUE
"STR_0234","GCF_001605605.1",1,2,TRUE,TRUE
"STR_0235","GCF_001605625.1",1,2,TRUE,TRUE
"STR_0236","GCF_001605645.1",1,2,TRUE,TRUE
"STR_0237","GCF_001605665.1",1,2,TRUE,TRUE
"STR_0238","GCF_001605685.1",1,2,TRUE,TRUE
"STR_0239","GCF_001606115.1",2,12,TRUE,TRUE
"STR_0240","GCF_001606135.1",2,12,TRUE,TRUE
"STR_0241","GCF_001611015.1",1,8,TRUE,TRUE
"STR_0242","GCF_001628735.1",1,2,TRUE,TRUE
"STR_0243","GCF_001628775.1",0,2,FALSE,TRUE
"STR_0244","GCF_001641975.2",0,2,FALSE,TRUE
"STR_0245","GCF_001653795.1",1,3,TRUE,TRUE
"STR_0246","GCF_001653935.1",0,2,FALSE,TRUE
"STR_0247","GCF_001663415.1",2,23,TRUE,TRUE
"STR_0248","GCF_001663855.1",0,3,FALSE,TRUE
"STR_0249","GCF_001676705.1",1,3,TRUE,TRUE
"STR_0250","GCF_001676745.1",1,3,TRUE,TRUE
"STR_0251","GCF_001686365.1",1,2,TRUE,TRUE
"STR_0252","GCF_001686425.1",1,2,TRUE,TRUE
"STR_0253","GCF_001686445.1",1,2,TRUE,TRUE
"STR_0254","GCF_001686465.1",1,2,TRUE,TRUE
"STR_0255","GCF_001686485.1",1,2,TRUE,TRUE
"STR_0256","GCF_001686505.1",1,2,TRUE,TRUE
"STR_0257","GCF_001686525.1",1,2,TRUE,TRUE
"STR_0258","GCF_001686545.1",1,2,TRUE,TRUE
"STR_0259","GCF_001686565.1",1,2,TRUE,TRUE
"STR_0260","GCF_001686585.1",1,2,TRUE,TRUE
"STR_0261","GCF_001686605.1",1,2,TRUE,TRUE
"STR_0262","GCF_001686625.1",1,2,TRUE,TRUE
"STR_0263","GCF_001687385.1",1,2,TRUE,TRUE
"STR_0264","GCF_001687405.1",1,2,TRUE,TRUE
"STR_0265","GCF_001695715.1",2,12,TRUE,TRUE
"STR_0266","GCF_001695735.1",2,12,TRUE,TRUE
"STR_0267","GCF_001704215.1",1,16,TRUE,TRUE
"STR_0268","GCF_001704255.1",1,2,TRUE,TRUE
"STR_0269","GCF_001704355.1",1,2,TRUE,TRUE
"STR_0270","GCF_001708525.1",2,23,TRUE,TRUE
"STR_0271","GCF_001718295.1",2,12,TRUE,TRUE
"STR_0272","GCF_001718315.1",1,8,TRUE,TRUE
"STR_0273","GCF_001718335.1",1,8,TRUE,TRUE
"STR_0274","GCF_001718355.1",2,16,TRUE,TRUE
"STR_0275","GCF_001718395.1",2,12,TRUE,TRUE
"STR_0276","GCF_001718415.1",1,8,TRUE,TRUE
"STR_0277","GCF_001718495.1",1,8,TRUE,TRUE
"STR_0278","GCF_001718535.1",2,12,TRUE,TRUE
"STR_0279","GCF_001718555.1",2,16,TRUE,TRUE
"STR_0280","GCF_001718575.1",2,12,TRUE,TRUE
"STR_0281","GCF_001718595.1",2,12,TRUE,TRUE
"STR_0282","GCF_001718635.1",2,12,TRUE,TRUE
"STR_0283","GCF_001718655.1",2,16,TRUE,TRUE
"STR_0284","GCF_001718755.1",1,8,TRUE,TRUE
"STR_0285","GCF_001718775.1",1,8,TRUE,TRUE
"STR_0286","GCF_001718795.1",1,8,TRUE,TRUE
"STR_0287","GCF_001718815.1",1,8,TRUE,TRUE
"STR_0288","GCF_001718835.1",3,22,TRUE,TRUE
"STR_0289","GCF_001718855.1",3,22,TRUE,TRUE
"STR_0290","GCF_001718875.1",2,16,TRUE,TRUE
"STR_0291","GCF_001718895.1",2,12,TRUE,TRUE
"STR_0292","GCF_001718915.1",1,8,TRUE,TRUE
"STR_0293","GCF_001718955.1",2,16,TRUE,TRUE
"STR_0294","GCF_001718975.1",2,16,TRUE,TRUE
"STR_0295","GCF_001718995.1",1,8,TRUE,TRUE
"STR_0296","GCF_001721865.1",0,7,FALSE,TRUE
"STR_0297","GCF_001729545.1",1,8,TRUE,TRUE
"STR_0298","GCF_001742165.1",2,12,TRUE,TRUE
"STR_0299","GCF_001831395.1",1,2,TRUE,TRUE
"STR_0300","GCF_001831415.1",1,2,TRUE,TRUE
"STR_0301","GCF_001831435.1",1,2,TRUE,TRUE
"STR_0302","GCF_001831455.1",1,2,TRUE,TRUE
"STR_0303","GCF_001854285.1",0,7,FALSE,TRUE
"STR_0304","GCF_001854305.1",0,7,FALSE,TRUE
"STR_0305","GCF_001854325.1",0,7,FALSE,TRUE
"STR_0306","GCF_001865675.1",0,18,FALSE,TRUE
"STR_0307","GCF_001879565.1",2,23,TRUE,TRUE
"STR_0308","GCF_001885195.1",2,12,TRUE,TRUE
"STR_0309","GCF_001886655.1",0,30,FALSE,TRUE
"STR_0310","GCF_001887535.1",2,23,TRUE,TRUE
"STR_0311","GCF_001887555.1",2,12,TRUE,TRUE
"STR_0312","GCF_001969245.1",1,24,TRUE,TRUE
"STR_0313","GCF_001971645.1",0,27,FALSE,TRUE
"STR_0314","GCF_001975065.1",2,12,TRUE,TRUE
"STR_0315","GCF_001975085.1",2,12,TRUE,TRUE
"STR_0316","GCF_001975105.1",2,12,TRUE,TRUE
"STR_0317","GCF_001975125.1",2,12,TRUE,TRUE
"STR_0318","GCF_001975145.1",2,12,TRUE,TRUE
"STR_0319","GCF_001980585.2",2,12,TRUE,TRUE
"STR_0320","GCF_001984925.1",1,2,TRUE,TRUE
"STR_0321","GCF_001984945.1",1,2,TRUE,TRUE
"STR_0322","GCF_001984965.1",1,2,TRUE,TRUE
"STR_0323","GCF_001984985.1",1,2,TRUE,TRUE
"STR_0324","GCF_001985005.1",1,2,TRUE,TRUE
"STR_0325","GCF_001985025.1",1,2,TRUE,TRUE
"STR_0326","GCF_001985045.1",1,2,TRUE,TRUE
"STR_0327","GCF_001985065.1",1,2,TRUE,TRUE
"STR_0328","GCF_001985085.1",1,2,TRUE,TRUE
"STR_0329","GCF_001985105.1",1,2,TRUE,TRUE
"STR_0330","GCF_001985125.1",1,2,TRUE,TRUE
"STR_0331","GCF_001985145.1",1,2,TRUE,TRUE
"STR_0332","GCF_001985165.1",1,2,TRUE,TRUE
"STR_0333","GCF_001985205.1",1,2,TRUE,TRUE
"STR_0334","GCF_001985225.1",1,2,TRUE,TRUE
"STR_0335","GCF_001985245.1",1,2,TRUE,TRUE
"STR_0336","GCF_001985265.1",1,2,TRUE,TRUE
"STR_0337","GCF_001985285.1",1,2,TRUE,TRUE
"STR_0338","GCF_001985305.1",1,2,TRUE,TRUE
"STR_0339","GCF_001985325.1",1,2,TRUE,TRUE
"STR_0340","GCF_001985345.1",1,2,TRUE,TRUE
"STR_0341","GCF_001985365.1",1,2,TRUE,TRUE
"STR_0342","GCF_001985385.1",1,2,TRUE,TRUE
"STR_0343","GCF_001985405.1",1,2,TRUE,TRUE
"STR_0344","GCF_001985425.1",1,2,TRUE,TRUE
"STR_0345","GCF_001985445.1",1,2,TRUE,TRUE
"STR_0346","GCF_001985465.1",1,2,TRUE,TRUE
"STR_0347","GCF_001985485.1",1,2,TRUE,TRUE
"STR_0348","GCF_001985505.1",1,2,TRUE,TRUE
"STR_0349","GCF_001985525.1",1,2,TRUE,TRUE
"STR_0350","GCF_001985545.1",1,2,TRUE,TRUE
"STR_0351","GCF_001985565.1",1,2,TRUE,TRUE
"STR_0352","GCF_001985585.1",1,2,TRUE,TRUE
"STR_0353","GCF_001985605.1",1,2,TRUE,TRUE
"STR_0354","GCF_001985625.1",1,2,TRUE,TRUE
"STR_0355","GCF_001985645.1",1,2,TRUE,TRUE
"STR_0356","GCF_001985665.1",1,2,TRUE,TRUE
"STR_0357","GCF_001985685.1",1,2,TRUE,TRUE
"STR_0358","GCF_001985705.1",1,2,TRUE,TRUE
"STR_0359","GCF_001985725.1",1,2,TRUE,TRUE
"STR_0360","GCF_001985745.1",1,2,TRUE,TRUE
"STR_0361","GCF_001985765.1",1,2,TRUE,TRUE
"STR_0362","GCF_001985785.1",1,2,TRUE,TRUE
"STR_0363","GCF_001985805.1",1,2,TRUE,TRUE
"STR_0364","GCF_001985825.1",1,2,TRUE,TRUE
"STR_0365","GCF_001985845.1",1,2,TRUE,TRUE
"STR_0366","GCF_001985865.1",1,2,TRUE,TRUE
"STR_0367","GCF_001985885.1",1,2,TRUE,TRUE
"STR_0368","GCF_001985905.1",1,2,TRUE,TRUE
"STR_0369","GCF_001985925.1",1,2,TRUE,TRUE
"STR_0370","GCF_001985945.1",1,2,TRUE,TRUE
"STR_0371","GCF_001985965.1",1,2,TRUE,TRUE
"STR_0372","GCF_001985985.1",1,2,TRUE,TRUE
"STR_0373","GCF_001986005.1",1,2,TRUE,TRUE
"STR_0374","GCF_001986025.1",1,2,TRUE,TRUE
"STR_0375","GCF_001986045.1",1,2,TRUE,TRUE
"STR_0376","GCF_001986065.1",1,2,TRUE,TRUE
"STR_0377","GCF_001986085.1",1,2,TRUE,TRUE
"STR_0378","GCF_001986105.1",1,2,TRUE,TRUE
"STR_0379","GCF_001986155.1",1,2,TRUE,TRUE
"STR_0380","GCF_001986175.1",1,2,TRUE,TRUE
"STR_0381","GCF_001986195.1",1,2,TRUE,TRUE
"STR_0382","GCF_001986215.1",1,2,TRUE,TRUE
"STR_0383","GCF_001986235.1",1,2,TRUE,TRUE
"STR_0384","GCF_001986255.1",1,2,TRUE,TRUE
"STR_0385","GCF_001986275.1",1,2,TRUE,TRUE
"STR_0386","GCF_001986295.1",1,2,TRUE,TRUE
"STR_0387","GCF_001986315.1",1,2,TRUE,TRUE
"STR_0388","GCF_001986335.1",1,2,TRUE,TRUE
"STR_0389","GCF_001986355.1",1,2,TRUE,TRUE
"STR_0390","GCF_001986375.1",1,2,TRUE,TRUE
"STR_0391","GCF_001986415.1",1,2,TRUE,TRUE
"STR_0392","GCF_001986435.1",1,2,TRUE,TRUE
"STR_0393","GCF_001986455.1",1,2,TRUE,TRUE
"STR_0394","GCF_001986475.1",1,2,TRUE,TRUE
"STR_0395","GCF_001986495.1",1,2,TRUE,TRUE
"STR_0396","GCF_001986515.1",1,2,TRUE,TRUE
"STR_0397","GCF_001986535.1",1,2,TRUE,TRUE
"STR_0398","GCF_001986555.1",1,2,TRUE,TRUE
"STR_0399","GCF_001986575.1",1,2,TRUE,TRUE
"STR_0400","GCF_001986595.1",1,2,TRUE,TRUE
"STR_0401","GCF_001986615.1",1,2,TRUE,TRUE
"STR_0402","GCF_001986635.1",1,2,TRUE,TRUE
"STR_0403","GCF_001986655.1",1,2,TRUE,TRUE
"STR_0404","GCF_001986675.1",1,2,TRUE,TRUE
"STR_0405","GCF_001986695.1",1,2,TRUE,TRUE
"STR_0406","GCF_001986715.1",1,2,TRUE,TRUE
"STR_0407","GCF_001986735.1",1,2,TRUE,TRUE
"STR_0408","GCF_001986755.1",1,2,TRUE,TRUE
"STR_0409","GCF_001986775.1",1,2,TRUE,TRUE
"STR_0410","GCF_001986795.1",1,2,TRUE,TRUE
"STR_0411","GCF_001986815.1",1,2,TRUE,TRUE
"STR_0412","GCF_001986835.1",1,2,TRUE,TRUE
"STR_0413","GCF_001986855.1",1,2,TRUE,TRUE
"STR_0414","GCF_001986875.1",1,2,TRUE,TRUE
"STR_0415","GCF_001986895.1",1,2,TRUE,TRUE
"STR_0416","GCF_001986915.1",1,2,TRUE,TRUE
"STR_0417","GCF_001986935.1",1,2,TRUE,TRUE
"STR_0418","GCF_001986955.1",1,2,TRUE,TRUE
"STR_0419","GCF_001986975.1",1,2,TRUE,TRUE
"STR_0420","GCF_001986995.1",1,2,TRUE,TRUE
"STR_0421","GCF_001987015.1",1,2,TRUE,TRUE
"STR_0422","GCF_001987035.1",1,2,TRUE,TRUE
"STR_0423","GCF_001987055.1",1,2,TRUE,TRUE
"STR_0424","GCF_001987075.1",1,2,TRUE,TRUE
"STR_0425","GCF_001987095.1",1,2,TRUE,TRUE
"STR_0426","GCF_001987115.1",1,2,TRUE,TRUE
"STR_0427","GCF_001987135.1",1,2,TRUE,TRUE
"STR_0428","GCF_001987155.1",1,2,TRUE,TRUE
"STR_0429","GCF_001987175.1",1,2,TRUE,TRUE
"STR_0430","GCF_001987195.1",1,2,TRUE,TRUE
"STR_0431","GCF_001987215.1",1,2,TRUE,TRUE
"STR_0432","GCF_001987235.1",1,2,TRUE,TRUE
"STR_0433","GCF_001987255.1",1,2,TRUE,TRUE
"STR_0434","GCF_001987275.1",1,2,TRUE,TRUE
"STR_0435","GCF_001987295.1",1,2,TRUE,TRUE
"STR_0436","GCF_001987315.1",1,2,TRUE,TRUE
"STR_0437","GCF_001987335.1",1,2,TRUE,TRUE
"STR_0438","GCF_001987355.1",1,2,TRUE,TRUE
"STR_0439","GCF_001987375.1",1,2,TRUE,TRUE
"STR_0440","GCF_001987395.1",1,2,TRUE,TRUE
"STR_0441","GCF_001987415.1",1,2,TRUE,TRUE
"STR_0442","GCF_001987435.1",1,2,TRUE,TRUE
"STR_0443","GCF_001987455.1",1,2,TRUE,TRUE
"STR_0444","GCF_001987475.1",1,2,TRUE,TRUE
"STR_0445","GCF_001987495.1",1,2,TRUE,TRUE
"STR_0446","GCF_001987515.1",1,2,TRUE,TRUE
"STR_0447","GCF_001987535.1",1,2,TRUE,TRUE
"STR_0448","GCF_001987555.1",1,2,TRUE,TRUE
"STR_0449","GCF_001987575.1",1,2,TRUE,TRUE
"STR_0450","GCF_001987595.1",1,2,TRUE,TRUE
"STR_0451","GCF_001987615.1",1,2,TRUE,TRUE
"STR_0452","GCF_001987635.1",1,2,TRUE,TRUE
"STR_0453","GCF_001987655.1",1,2,TRUE,TRUE
"STR_0454","GCF_001987675.1",1,2,TRUE,TRUE
"STR_0455","GCF_001987695.1",1,2,TRUE,TRUE
"STR_0456","GCF_001987715.1",1,2,TRUE,TRUE
"STR_0457","GCF_001987735.1",1,2,TRUE,TRUE
"STR_0458","GCF_001987755.1",1,2,TRUE,TRUE
"STR_0459","GCF_001987775.1",1,2,TRUE,TRUE
"STR_0460","GCF_001987795.1",1,2,TRUE,TRUE
"STR_0461","GCF_001987815.1",1,2,TRUE,TRUE
"STR_0462","GCF_001987835.1",1,2,TRUE,TRUE
"STR_0463","GCF_001987855.1",1,2,TRUE,TRUE
"STR_0464","GCF_001987875.1",1,2,TRUE,TRUE
"STR_0465","GCF_001987895.1",1,2,TRUE,TRUE
"STR_0466","GCF_001987915.1",1,2,TRUE,TRUE
"STR_0467","GCF_001987935.1",1,2,TRUE,TRUE
"STR_0468","GCF_001987955.1",1,2,TRUE,TRUE
"STR_0469","GCF_001987975.1",1,2,TRUE,TRUE
"STR_0470","GCF_001987995.1",1,2,TRUE,TRUE
"STR_0471","GCF_001988015.1",1,2,TRUE,TRUE
"STR_0472","GCF_001988035.1",1,2,TRUE,TRUE
"STR_0473","GCF_001988055.1",1,2,TRUE,TRUE
"STR_0474","GCF_001988075.1",1,2,TRUE,TRUE
"STR_0475","GCF_001988095.1",1,2,TRUE,TRUE
"STR_0476","GCF_001988115.1",1,2,TRUE,TRUE
"STR_0477","GCF_001988135.1",1,2,TRUE,TRUE
"STR_0478","GCF_001988155.1",1,2,TRUE,TRUE
"STR_0479","GCF_001988175.1",1,2,TRUE,TRUE
"STR_0480","GCF_001988195.1",1,2,TRUE,TRUE
"STR_0481","GCF_001988215.1",1,2,TRUE,TRUE
"STR_0482","GCF_001988235.1",1,2,TRUE,TRUE
"STR_0483","GCF_001988255.1",1,2,TRUE,TRUE
"STR_0484","GCF_001988275.1",1,2,TRUE,TRUE
"STR_0485","GCF_001988295.1",1,2,TRUE,TRUE
"STR_0486","GCF_001988315.1",1,2,TRUE,TRUE
"STR_0487","GCF_001988335.1",1,2,TRUE,TRUE
"STR_0488","GCF_001988355.1",1,2,TRUE,TRUE
"STR_0489","GCF_001988375.1",1,2,TRUE,TRUE
"STR_0490","GCF_001988395.1",1,2,TRUE,TRUE
"STR_0491","GCF_001988415.1",1,2,TRUE,TRUE
"STR_0492","GCF_001988435.1",1,2,TRUE,TRUE
"STR_0493","GCF_001988455.1",1,2,TRUE,TRUE
"STR_0494","GCF_001988475.1",1,2,TRUE,TRUE
"STR_0495","GCF_001988495.1",1,2,TRUE,TRUE
"STR_0496","GCF_001988515.1",1,2,TRUE,TRUE
"STR_0497","GCF_001988535.1",1,2,TRUE,TRUE
"STR_0498","GCF_001988555.1",1,2,TRUE,TRUE
"STR_0499","GCF_001988575.1",1,2,TRUE,TRUE
"STR_0500","GCF_001988595.1",1,2,TRUE,TRUE
"STR_0501","GCF_001988615.1",1,2,TRUE,TRUE
"STR_0502","GCF_001988635.1",1,2,TRUE,TRUE
"STR_0503","GCF_001988655.1",1,2,TRUE,TRUE
"STR_0504","GCF_001988675.1",1,2,TRUE,TRUE
"STR_0505","GCF_001988695.1",1,2,TRUE,TRUE
"STR_0506","GCF_001988715.1",1,2,TRUE,TRUE
"STR_0507","GCF_001988735.1",1,2,TRUE,TRUE
"STR_0508","GCF_001988755.1",1,2,TRUE,TRUE
"STR_0509","GCF_001988775.1",1,2,TRUE,TRUE
"STR_0510","GCF_001988795.1",1,2,TRUE,TRUE
"STR_0511","GCF_001988815.1",1,2,TRUE,TRUE
"STR_0512","GCF_001988835.1",1,2,TRUE,TRUE
"STR_0513","GCF_001988855.1",1,2,TRUE,TRUE
"STR_0514","GCF_001988875.1",1,2,TRUE,TRUE
"STR_0515","GCF_001988895.1",1,2,TRUE,TRUE
"STR_0516","GCF_001988915.1",1,2,TRUE,TRUE
"STR_0517","GCF_001988995.1",1,2,TRUE,TRUE
"STR_0518","GCF_001989015.1",1,2,TRUE,TRUE
"STR_0519","GCF_001989035.1",1,2,TRUE,TRUE
"STR_0520","GCF_001989055.1",1,2,TRUE,TRUE
"STR_0521","GCF_001989075.1",1,2,TRUE,TRUE
"STR_0522","GCF_001989095.1",1,2,TRUE,TRUE
"STR_0523","GCF_001989115.1",1,2,TRUE,TRUE
"STR_0524","GCF_001989135.1",1,2,TRUE,TRUE
"STR_0525","GCF_001989155.1",1,2,TRUE,TRUE
"STR_0526","GCF_001989175.1",1,2,TRUE,TRUE
"STR_0527","GCF_001989195.1",1,2,TRUE,TRUE
"STR_0528","GCF_001989215.1",1,2,TRUE,TRUE
"STR_0529","GCF_001989235.1",1,2,TRUE,TRUE
"STR_0530","GCF_001989255.1",1,2,TRUE,TRUE
"STR_0531","GCF_001989275.1",1,2,TRUE,TRUE
"STR_0532","GCF_001989295.1",1,2,TRUE,TRUE
"STR_0533","GCF_001989315.1",1,2,TRUE,TRUE
"STR_0534","GCF_001989335.1",1,2,TRUE,TRUE
"STR_0535","GCF_001999785.1",2,12,TRUE,TRUE
"STR_0536","GCF_001999825.1",2,12,TRUE,TRUE
"STR_0537","GCF_001999885.1",2,12,TRUE,TRUE
"STR_0538","GCF_002002885.1",0,14,FALSE,TRUE
"STR_0539","GCF_002007585.1",2,12,TRUE,TRUE
"STR_0540","GCF_002011925.2",1,21,TRUE,TRUE
"STR_0541","GCF_002018515.1",1,2,TRUE,TRUE
"STR_0542","GCF_002021795.1",1,2,TRUE,TRUE
"STR_0543","GCF_002056725.1",0,3,FALSE,TRUE
"STR_0544","GCF_002068675.1",1,2,TRUE,TRUE
"STR_0545","GCF_002068975.1",1,2,TRUE,TRUE
"STR_0546","GCF_002069155.1",1,2,TRUE,TRUE
"STR_0547","GCF_002110945.1",2,12,TRUE,TRUE
"STR_0548","GCF_002111005.1",2,12,TRUE,TRUE
"STR_0549","GCF_002111025.1",2,12,TRUE,TRUE
"STR_0550","GCF_002111045.1",2,12,TRUE,TRUE
"STR_0551","GCF_002111085.1",2,12,TRUE,TRUE
"STR_0552","GCF_002111105.1",2,12,TRUE,TRUE
"STR_0553","GCF_002111125.1",2,12,TRUE,TRUE
"STR_0554","GCF_002111145.1",2,12,TRUE,TRUE
"STR_0555","GCF_002111165.1",2,12,TRUE,TRUE
"STR_0556","GCF_002111205.1",2,12,TRUE,TRUE
"STR_0557","GCF_002111245.1",2,12,TRUE,TRUE
"STR_0558","GCF_002111305.1",2,12,TRUE,TRUE
"STR_0559","GCF_002111325.1",2,12,TRUE,TRUE
"STR_0560","GCF_002111345.1",2,12,TRUE,TRUE
"STR_0561","GCF_002111365.1",2,12,TRUE,TRUE
"STR_0562","GCF_002111385.1",2,12,TRUE,TRUE
"STR_0563","GCF_002119685.1",1,3,TRUE,TRUE
"STR_0564","GCF_002155245.1",2,23,TRUE,TRUE
"STR_0565","GCF_002162015.1",2,23,TRUE,TRUE
"STR_0566","GCF_002205315.1",0,18,FALSE,TRUE
"STR_0567","GCF_002208175.1",1,2,TRUE,TRUE
"STR_0568","GCF_002209085.2",2,12,TRUE,TRUE
"STR_0569","GCF_002220465.1",2,23,TRUE,TRUE
"STR_0570","GCF_002240435.1",1,2,TRUE,TRUE
"STR_0571","GCF_002240475.1",1,2,TRUE,TRUE
"STR_0572","GCF_002240515.1",1,2,TRUE,TRUE
"STR_0573","GCF_002242175.1",0,2,FALSE,TRUE
"STR_0574","GCF_002278075.1",1,1,TRUE,TRUE
"STR_0575","GCF_002285955.1",1,2,TRUE,TRUE
"STR_0576","GCF_002285975.1",1,2,TRUE,TRUE
"STR_0577","GCF_002285995.1",1,2,TRUE,TRUE
"STR_0578","GCF_002286015.1",1,2,TRUE,TRUE
"STR_0579","GCF_002286035.1",1,2,TRUE,TRUE
"STR_0580","GCF_002286055.1",1,2,TRUE,TRUE
"STR_0581","GCF_002286075.1",1,2,TRUE,TRUE
"STR_0582","GCF_002286095.1",1,2,TRUE,TRUE
"STR_0583","GCF_002286115.1",1,2,TRUE,TRUE
"STR_0584","GCF_002286135.1",1,2,TRUE,TRUE
"STR_0585","GCF_002286155.1",1,2,TRUE,TRUE
"STR_0586","GCF_002286175.1",1,2,TRUE,TRUE
"STR_0587","GCF_002286295.1",1,2,TRUE,TRUE
"STR_0588","GCF_002286315.1",1,2,TRUE,TRUE
"STR_0589","GCF_002286335.1",1,2,TRUE,TRUE
"STR_0590","GCF_002286355.1",1,2,TRUE,TRUE
"STR_0591","GCF_002286375.1",1,2,TRUE,TRUE
"STR_0592","GCF_002310915.1",1,2,TRUE,TRUE
"STR_0593","GCF_002345985.1",1,8,TRUE,TRUE
"STR_0594","GCF_002346005.1",1,8,TRUE,TRUE
"STR_0595","GCF_002346025.1",1,8,TRUE,TRUE
"STR_0596","GCF_002346045.1",1,8,TRUE,TRUE
"STR_0597","GCF_002346065.1",1,8,TRUE,TRUE
"STR_0598","GCF_002346085.1",1,8,TRUE,TRUE
"STR_0599","GCF_002346105.1",1,8,TRUE,TRUE
"STR_0600","GCF_002346125.1",1,8,TRUE,TRUE
"STR_0601","GCF_002346145.1",1,8,TRUE,TRUE
"STR_0602","GCF_002346165.1",1,8,TRUE,TRUE
"STR_0603","GCF_002346185.1",1,8,TRUE,TRUE
"STR_0604","GCF_002346205.1",1,8,TRUE,TRUE
"STR_0605","GCF_002356275.1",2,12,TRUE,TRUE
"STR_0606","GCF_002393425.1",1,2,TRUE,TRUE
"STR_0607","GCF_002393485.1",0,2,FALSE,TRUE
"STR_0608","GCF_002407525.2",2,12,TRUE,TRUE
"STR_0609","GCF_002442615.1",1,2,TRUE,TRUE
"STR_0610","GCF_002442635.1",1,2,TRUE,TRUE
"STR_0611","GCF_002442675.1",1,2,TRUE,TRUE
"STR_0612","GCF_002442695.1",1,2,TRUE,TRUE
"STR_0613","GCF_002442715.1",1,2,TRUE,TRUE
"STR_0614","GCF_002442735.1",1,2,TRUE,TRUE
"STR_0615","GCF_002442775.1",1,2,TRUE,TRUE
"STR_0616","GCF_002442795.1",1,2,TRUE,TRUE
"STR_0617","GCF_002442815.1",1,2,TRUE,TRUE
"STR_0618","GCF_002443155.1",0,2,FALSE,TRUE
"STR_0619","GCF_002501565.1",2,31,TRUE,TRUE
"STR_0620","GCF_002549815.1",2,31,TRUE,TRUE
"STR_0621","GCF_002752675.1",0,14,FALSE,TRUE
"STR_0622","GCF_002812705.1",0,14,FALSE,TRUE
"STR_0623","GCF_002843645.1",2,12,TRUE,TRUE
"STR_0624","GCF_002859205.1",1,2,TRUE,TRUE
"STR_0625","GCF_002859225.1",1,2,TRUE,TRUE
"STR_0626","GCF_002859565.1",1,2,TRUE,TRUE
"STR_0627","GCF_002859585.1",1,2,TRUE,TRUE
"STR_0628","GCF_002859605.1",1,2,TRUE,TRUE
"STR_0629","GCF_002859625.1",1,2,TRUE,TRUE
"STR_0630","GCF_002859645.1",1,2,TRUE,TRUE
"STR_0631","GCF_002859665.1",1,2,TRUE,TRUE
"STR_0632","GCF_002859685.1",1,2,TRUE,TRUE
"STR_0633","GCF_002859705.1",1,2,TRUE,TRUE
"STR_0634","GCF_002859725.1",1,2,TRUE,TRUE
"STR_0635","GCF_002859745.1",1,2,TRUE,TRUE
"STR_0636","GCF_002859765.1",1,2,TRUE,TRUE
"STR_0637","GCF_002859785.1",1,2,TRUE,TRUE
"STR_0638","GCF_002859805.1",1,2,TRUE,TRUE
"STR_0639","GCF_002859825.1",1,2,TRUE,TRUE
"STR_0640","GCF_002859845.1",1,16,TRUE,TRUE
"STR_0641","GCF_002859865.1",1,16,TRUE,TRUE
"STR_0642","GCF_002859885.1",1,16,TRUE,TRUE
"STR_0643","GCF_002859905.1",1,16,TRUE,TRUE
"STR_0644","GCF_002859945.1",1,16,TRUE,TRUE
"STR_0645","GCF_002859965.1",1,2,TRUE,TRUE
"STR_0646","GCF_002859985.1",1,16,TRUE,TRUE
"STR_0647","GCF_002860005.1",1,16,TRUE,TRUE
"STR_0648","GCF_002860025.1",1,16,TRUE,TRUE
"STR_0649","GCF_002860045.1",0,6,FALSE,TRUE
"STR_0650","GCF_002860065.1",2,12,TRUE,TRUE
"STR_0651","GCF_002892665.1",1,2,TRUE,TRUE
"STR_0652","GCF_002892685.1",1,2,TRUE,TRUE
"STR_0653","GCF_002892705.1",1,2,TRUE,TRUE
"STR_0654","GCF_002892725.1",1,2,TRUE,TRUE
"STR_0655","GCF_002892745.1",1,2,TRUE,TRUE
"STR_0656","GCF_002892765.1",1,2,TRUE,TRUE
"STR_0657","GCF_002894285.1",1,23,TRUE,TRUE
"STR_0658","GCF_002902905.1",1,10,TRUE,TRUE
"STR_0659","GCF_002902925.1",1,8,TRUE,TRUE
"STR_0660","GCF_002902945.1",1,8,TRUE,TRUE
"STR_0661","GCF_002902965.1",1,8,TRUE,TRUE
"STR_0662","GCF_002944765.1",1,21,TRUE,TRUE
"STR_0663","GCF_002951195.1",0,4,FALSE,TRUE
"STR_0664","GCF_002966795.1",0,17,FALSE,TRUE
"STR_0665","GCF_003019945.1",1,8,TRUE,TRUE
"STR_0666","GCF_003019965.1",1,8,TRUE,TRUE
"STR_0667","GCF_003020025.1",2,12,TRUE,TRUE
"STR_0668","GCF_003020185.1",2,12,TRUE,TRUE
"STR_0669","GCF_003028855.1",1,14,TRUE,TRUE
"STR_0670","GCF_003076415.1",2,12,TRUE,TRUE
"STR_0671","GCF_003184445.1",1,16,TRUE,TRUE
"STR_0672","GCF_003184465.1",0,2,FALSE,TRUE
"STR_0673","GCF_003184485.1",1,2,TRUE,TRUE
"STR_0674","GCF_003186185.1",1,2,TRUE,TRUE
"STR_0675","GCF_003186205.1",1,2,TRUE,TRUE
"STR_0676","GCF_003186225.1",1,2,TRUE,TRUE
"STR_0677","GCF_003186245.1",1,16,TRUE,TRUE
"STR_0678","GCF_003186265.1",1,2,TRUE,TRUE
"STR_0679","GCF_003186285.1",1,2,TRUE,TRUE
"STR_0680","GCF_003186305.1",1,2,TRUE,TRUE
"STR_0681","GCF_003186595.1",1,2,TRUE,TRUE
"STR_0682","GCF_003186685.1",1,2,TRUE,TRUE
"STR_0683","GCF_003186765.1",1,2,TRUE,TRUE
"STR_0684","GCF_003233675.1",2,16,TRUE,TRUE
"STR_0685","GCF_003260185.2",1,21,TRUE,TRUE
"STR_0686","GCF_003293715.1",1,14,TRUE,TRUE
"STR_0687","GCF_003330765.1",1,8,TRUE,TRUE
"STR_0688","GCF_003330785.1",0,8,FALSE,TRUE
"STR_0689","GCF_003330805.1",1,8,TRUE,TRUE
"STR_0690","GCF_003355025.1",1,2,TRUE,TRUE
"STR_0691","GCF_003355045.1",1,2,TRUE,TRUE
"STR_0692","GCF_003355065.1",1,2,TRUE,TRUE
"STR_0693","GCF_003355085.1",1,2,TRUE,TRUE
"STR_0694","GCF_003366075.1",1,8,TRUE,TRUE
"STR_0695","GCF_003368325.1",1,9,TRUE,TRUE
"STR_0696","GCF_003402535.2",1,1,TRUE,TRUE
"STR_0697","GCF_003431345.1",1,2,TRUE,TRUE
"STR_0698","GCF_003443855.2",1,2,TRUE,TRUE
"STR_0699","GCF_003445415.1",2,12,TRUE,TRUE
"STR_0700","GCF_003515145.1",1,22,TRUE,TRUE
"STR_0701","GCF_003515165.1",1,22,TRUE,TRUE
"STR_0702","GCF_003515185.1",2,24,TRUE,TRUE
"STR_0703","GCF_003515205.1",2,23,TRUE,TRUE
"STR_0704","GCF_003515225.1",2,23,TRUE,TRUE
"STR_0705","GCF_003515245.1",2,23,TRUE,TRUE
"STR_0706","GCF_003515265.1",2,24,TRUE,TRUE
"STR_0707","GCF_003515285.1",2,23,TRUE,TRUE
"STR_0708","GCF_003515345.1",2,23,TRUE,TRUE
"STR_0709","GCF_003515365.1",2,23,TRUE,TRUE
"STR_0710","GCF_003515405.1",2,23,TRUE,TRUE
"STR_0711","GCF_003515445.1",1,22,TRUE,TRUE
"STR_0712","GCF_003515485.1",1,22,TRUE,TRUE
"STR_0713","GCF_003515505.1",1,22,TRUE,TRUE
"STR_0714","GCF_003515525.1",1,22,TRUE,TRUE
"STR_0715","GCF_003515545.1",2,23,TRUE,TRUE
"STR_0716","GCF_003515565.1",2,23,TRUE,TRUE
"STR_0717","GCF_003515585.1",2,23,TRUE,TRUE
"STR_0718","GCF_003515605.1",2,23,TRUE,TRUE
"STR_0719","GCF_003515625.1",2,23,TRUE,TRUE
"STR_0720","GCF_003546465.1",2,12,TRUE,TRUE
"STR_0721","GCF_003568605.1",2,12,TRUE,TRUE
"STR_0722","GCF_003590605.1",2,25,TRUE,TRUE
"STR_0723","GCF_003595305.1",2,23,TRUE,TRUE
"STR_0724","GCF_003600685.1",0,14,FALSE,TRUE
"STR_0725","GCF_003606245.1",2,8,TRUE,TRUE
"STR_0726","GCF_003613595.1",1,2,TRUE,TRUE
"STR_0727","GCF_003671915.1",0,2,FALSE,TRUE
"STR_0728","GCF_003704285.1",1,8,TRUE,TRUE
"STR_0729","GCF_003711145.1",2,20,TRUE,TRUE
"STR_0730","GCF_003713105.1",1,2,TRUE,TRUE
"STR_0731","GCF_003716855.1",0,2,FALSE,TRUE
"STR_0732","GCF_003719195.1",0,2,FALSE,TRUE
"STR_0733","GCF_003798245.1",2,12,TRUE,TRUE
"STR_0734","GCF_003798265.1",2,12,TRUE,TRUE
"STR_0735","GCF_003798365.1",2,12,TRUE,TRUE
"STR_0736","GCF_003812265.1",0,3,FALSE,TRUE
"STR_0737","GCF_003812365.1",1,8,TRUE,TRUE
"STR_0738","GCF_003812585.1",1,16,TRUE,TRUE
"STR_0739","GCF_003813045.1",1,8,TRUE,TRUE
"STR_0740","GCF_003813085.1",0,2,FALSE,TRUE
"STR_0741","GCF_003854895.1",0,11,FALSE,TRUE
"STR_0742","GCF_003854935.1",1,6,TRUE,TRUE
"STR_0743","GCF_003855595.1",1,2,TRUE,TRUE
"STR_0744","GCF_003860305.1",1,2,TRUE,TRUE
"STR_0745","GCF_003938225.2",0,2,FALSE,TRUE
"STR_0746","GCF_003966315.1",1,8,TRUE,TRUE
"STR_0747","GCF_003991035.1",1,2,TRUE,TRUE
"STR_0748","GCF_003991055.1",1,2,TRUE,TRUE
"STR_0749","GCF_003991095.1",1,2,TRUE,TRUE
"STR_0750","GCF_003991115.1",0,9,FALSE,TRUE
"STR_0751","GCF_003994415.1",0,21,FALSE,TRUE
"STR_0752","GCF_003999715.1",2,23,TRUE,TRUE
"STR_0753","GCF_004006615.1",1,2,TRUE,TRUE
"STR_0754","GCF_004006735.1",1,2,TRUE,TRUE
"STR_0755","GCF_004006815.1",1,2,TRUE,TRUE
"STR_0756","GCF_004006875.1",0,10,FALSE,TRUE
"STR_0757","GCF_004006935.1",1,2,TRUE,TRUE
"STR_0758","GCF_004007035.1",1,2,TRUE,TRUE
"STR_0759","GCF_004007095.1",1,2,TRUE,TRUE
"STR_0760","GCF_004007155.1",1,2,TRUE,TRUE
"STR_0761","GCF_004007215.1",1,2,TRUE,TRUE
"STR_0762","GCF_004007275.1",1,2,TRUE,TRUE
"STR_0763","GCF_004007335.1",1,2,TRUE,TRUE
"STR_0764","GCF_004007415.1",1,2,TRUE,TRUE
"STR_0765","GCF_004007475.1",1,2,TRUE,TRUE
"STR_0766","GCF_004007535.1",1,2,TRUE,TRUE
"STR_0767","GCF_004007625.1",1,2,TRUE,TRUE
"STR_0768","GCF_004008035.1",1,2,TRUE,TRUE
"STR_0769","GCF_004008095.1",1,2,TRUE,TRUE
"STR_0770","GCF_004008155.1",1,2,TRUE,TRUE
"STR_0771","GCF_004008215.1",1,2,TRUE,TRUE
"STR_0772","GCF_004008295.1",1,2,TRUE,TRUE
"STR_0773","GCF_004008355.1",1,2,TRUE,TRUE
"STR_0774","GCF_004008415.1",1,2,TRUE,TRUE
"STR_0775","GCF_004008475.1",1,2,TRUE,TRUE
"STR_0776","GCF_004008555.1",1,2,TRUE,TRUE
"STR_0777","GCF_004008595.1",1,2,TRUE,TRUE
"STR_0778","GCF_004008655.1",1,2,TRUE,TRUE
"STR_0779","GCF_004008715.1",1,2,TRUE,TRUE
"STR_0780","GCF_004008795.1",1,2,TRUE,TRUE
"STR_0781","GCF_004008855.1",1,2,TRUE,TRUE
"STR_0782","GCF_004008915.1",1,2,TRUE,TRUE
"STR_0783","GCF_004008935.1",1,2,TRUE,TRUE
"STR_0784","GCF_004008955.1",1,2,TRUE,TRUE
"STR_0785","GCF_004008975.1",1,2,TRUE,TRUE
"STR_0786","GCF_004008995.1",1,2,TRUE,TRUE
"STR_0787","GCF_004009015.1",1,2,TRUE,TRUE
"STR_0788","GCF_004009035.1",1,2,TRUE,TRUE
"STR_0789","GCF_004009055.1",1,2,TRUE,TRUE
"STR_0790","GCF_004009075.1",1,2,TRUE,TRUE
"STR_0791","GCF_004009095.1",1,2,TRUE,TRUE
"STR_0792","GCF_004009115.1",1,2,TRUE,TRUE
"STR_0793","GCF_004009135.1",1,2,TRUE,TRUE
"STR_0794","GCF_004009155.1",1,2,TRUE,TRUE
"STR_0795","GCF_004009175.1",1,2,TRUE,TRUE
"STR_0796","GCF_004009195.1",1,2,TRUE,TRUE
"STR_0797","GCF_004009215.1",1,2,TRUE,TRUE
"STR_0798","GCF_004009235.1",1,2,TRUE,TRUE
"STR_0799","GCF_004009255.1",1,2,TRUE,TRUE
"STR_0800","GCF_004009275.1",1,2,TRUE,TRUE
"STR_0801","GCF_004009295.1",1,2,TRUE,TRUE
"STR_0802","GCF_004009315.1",1,2,TRUE,TRUE
"STR_0803","GCF_004009335.1",1,2,TRUE,TRUE
"STR_0804","GCF_004009355.1",1,2,TRUE,TRUE
"STR_0805","GCF_004009375.1",1,2,TRUE,TRUE
"STR_0806","GCF_004009395.1",1,2,TRUE,TRUE
"STR_0807","GCF_004009415.1",1,2,TRUE,TRUE
"STR_0808","GCF_004009435.1",1,2,TRUE,TRUE
"STR_0809","GCF_004009455.1",1,2,TRUE,TRUE
"STR_0810","GCF_004009475.1",1,2,TRUE,TRUE
"STR_0811","GCF_004009495.1",1,2,TRUE,TRUE
"STR_0812","GCF_004009515.1",1,2,TRUE,TRUE
"STR_0813","GCF_004009535.1",1,2,TRUE,TRUE
"STR_0814","GCF_004009555.1",1,2,TRUE,TRUE
"STR_0815","GCF_004009575.1",1,2,TRUE,TRUE
"STR_0816","GCF_004009595.1",1,2,TRUE,TRUE
"STR_0817","GCF_004009655.1",1,2,TRUE,TRUE
"STR_0818","GCF_004009675.1",1,2,TRUE,TRUE
"STR_0819","GCF_004009695.1",1,2,TRUE,TRUE
"STR_0820","GCF_004009715.1",1,2,TRUE,TRUE
"STR_0821","GCF_004009735.1",1,2,TRUE,TRUE
"STR_0822","GCF_004009775.1",1,2,TRUE,TRUE
"STR_0823","GCF_004009795.1",1,2,TRUE,TRUE
"STR_0824","GCF_004009815.1",1,2,TRUE,TRUE
"STR_0825","GCF_004319585.1",0,2,FALSE,TRUE
"STR_0826","GCF_004322755.1",0,23,FALSE,TRUE
"STR_0827","GCF_004323615.2",1,2,TRUE,TRUE
"STR_0828","GCF_004353865.1",1,3,TRUE,TRUE
"STR_0829","GCF_004367665.1",2,12,TRUE,TRUE
"STR_0830","GCF_004367745.1",1,2,TRUE,TRUE
"STR_0831","GCF_004421005.1",0,14,FALSE,TRUE
"STR_0832","GCF_004634505.1",1,2,TRUE,TRUE
"STR_0833","GCF_004634525.1",1,2,TRUE,TRUE
"STR_0834","GCF_004634545.1",1,16,TRUE,TRUE
"STR_0835","GCF_004634565.1",1,2,TRUE,TRUE
"STR_0836","GCF_004634585.1",1,2,TRUE,TRUE
"STR_0837","GCF_004634605.1",1,2,TRUE,TRUE
"STR_0838","GCF_004634625.1",1,2,TRUE,TRUE
"STR_0839","GCF_004634645.1",1,2,TRUE,TRUE
"STR_0840","GCF_004634665.1",1,2,TRUE,TRUE
"STR_0841","GCF_004634685.1",1,2,TRUE,TRUE
"STR_0842","GCF_004634705.1",1,2,TRUE,TRUE
"STR_0843","GCF_004634725.1",1,2,TRUE,TRUE
"STR_0844","GCF_004634745.1",1,2,TRUE,TRUE
"STR_0845","GCF_004634765.1",1,2,TRUE,TRUE
"STR_0846","GCF_004634785.1",1,2,TRUE,TRUE
"STR_0847","GCF_004634805.1",1,2,TRUE,TRUE
"STR_0848","GCF_004634825.1",1,2,TRUE,TRUE
"STR_0849","GCF_004634845.1",1,2,TRUE,TRUE
"STR_0850","GCF_004634865.1",1,2,TRUE,TRUE
"STR_0851","GCF_004634885.1",1,2,TRUE,TRUE
"STR_0852","GCF_004634905.1",1,2,TRUE,TRUE
"STR_0853","GCF_004634925.1",1,2,TRUE,TRUE
"STR_0854","GCF_004635085.1",1,2,TRUE,TRUE
"STR_0855","GCF_004635105.1",1,2,TRUE,TRUE
"STR_0856","GCF_004635125.1",1,2,TRUE,TRUE
"STR_0857","GCF_004635145.1",1,2,TRUE,TRUE
"STR_0858","GCF_004635165.1",1,2,TRUE,TRUE
"STR_0859","GCF_004635185.1",1,2,TRUE,TRUE
"STR_0860","GCF_004635205.1",1,2,TRUE,TRUE
"STR_0861","GCF_004635225.1",1,2,TRUE,TRUE
"STR_0862","GCF_004635245.1",1,2,TRUE,TRUE
"STR_0863","GCF_004635265.1",1,2,TRUE,TRUE
"STR_0864","GCF_004635285.1",1,2,TRUE,TRUE
"STR_0865","GCF_004635305.1",1,2,TRUE,TRUE
"STR_0866","GCF_004635325.1",1,2,TRUE,TRUE
"STR_0867","GCF_004635345.1",1,2,TRUE,TRUE
"STR_0868","GCF_004635365.1",1,2,TRUE,TRUE
"STR_0869","GCF_004635385.1",1,2,TRUE,TRUE
"STR_0870","GCF_004635405.1",1,2,TRUE,TRUE
"STR_0871","GCF_004635425.1",1,2,TRUE,TRUE
"STR_0872","GCF_004635445.1",1,2,TRUE,TRUE
"STR_0873","GCF_004635465.1",1,2,TRUE,TRUE
"STR_0874","GCF_004635485.1",1,2,TRUE,TRUE
"STR_0875","GCF_004635505.1",1,2,TRUE,TRUE
"STR_0876","GCF_004635525.1",1,2,TRUE,TRUE
"STR_0877","GCF_004635545.1",1,2,TRUE,TRUE
"STR_0878","GCF_004635565.1",1,2,TRUE,TRUE
"STR_0879","GCF_004635585.1",1,2,TRUE,TRUE
"STR_0880","GCF_004635605.1",1,2,TRUE,TRUE
"STR_0881","GCF_004635625.1",1,2,TRUE,TRUE
"STR_0882","GCF_004635645.1",1,2,TRUE,TRUE
"STR_0883","GCF_004635665.1",1,2,TRUE,TRUE
"STR_0884","GCF_004635705.1",1,2,TRUE,TRUE
"STR_0885","GCF_004635725.1",1,2,TRUE,TRUE
"STR_0886","GCF_004635745.1",1,2,TRUE,TRUE
"STR_0887","GCF_004635765.1",1,2,TRUE,TRUE
"STR_0888","GCF_004635785.1",1,2,TRUE,TRUE
"STR_0889","GCF_004635805.1",1,2,TRUE,TRUE
"STR_0890","GCF_004635825.1",1,2,TRUE,TRUE
"STR_0891","GCF_004635845.1",1,2,TRUE,TRUE
"STR_0892","GCF_004635865.1",1,2,TRUE,TRUE
"STR_0893","GCF_004635885.1",1,2,TRUE,TRUE
"STR_0894","GCF_004635905.1",1,2,TRUE,TRUE
"STR_0895","GCF_004635925.1",1,2,TRUE,TRUE
"STR_0896","GCF_004635945.1",1,2,TRUE,TRUE
"STR_0897","GCF_004635965.1",1,2,TRUE,TRUE
"STR_0898","GCF_004635985.1",1,2,TRUE,TRUE
"STR_0899","GCF_004636005.1",1,2,TRUE,TRUE
"STR_0900","GCF_004636025.1",1,2,TRUE,TRUE
"STR_0901","GCF_004636045.1",1,2,TRUE,TRUE
"STR_0902","GCF_004636065.1",1,2,TRUE,TRUE
"STR_0903","GCF_004636085.1",1,2,TRUE,TRUE
"STR_0904","GCF_004636105.1",1,2,TRUE,TRUE
"STR_0905","GCF_004636125.1",1,2,TRUE,TRUE
"STR_0906","GCF_004636145.1",1,2,TRUE,TRUE
"STR_0907","GCF_004636165.1",1,2,TRUE,TRUE
"STR_0908","GCF_004636185.1",1,2,TRUE,TRUE
"STR_0909","GCF_004636205.1",1,2,TRUE,TRUE
"STR_0910","GCF_004636225.1",1,2,TRUE,TRUE
"STR_0911","GCF_004636245.1",1,2,TRUE,TRUE
"STR_0912","GCF_004636265.1",1,2,TRUE,TRUE
"STR_0913","GCF_004636285.1",1,2,TRUE,TRUE
"STR_0914","GCF_004636305.1",1,2,TRUE,TRUE
"STR_0915","GCF_004636325.1",1,2,TRUE,TRUE
"STR_0916","GCF_004636345.1",1,2,TRUE,TRUE
"STR_0917","GCF_004636365.1",1,2,TRUE,TRUE
"STR_0918","GCF_004636385.1",1,2,TRUE,TRUE
"STR_0919","GCF_004636405.1",1,2,TRUE,TRUE
"STR_0920","GCF_004636425.1",1,2,TRUE,TRUE
"STR_0921","GCF_004636445.1",1,2,TRUE,TRUE
"STR_0922","GCF_004636465.1",1,2,TRUE,TRUE
"STR_0923","GCF_004636485.1",1,2,TRUE,TRUE
"STR_0924","GCF_004636505.1",1,2,TRUE,TRUE
"STR_0925","GCF_004636525.1",1,2,TRUE,TRUE
"STR_0926","GCF_004636545.1",1,2,TRUE,TRUE
"STR_0927","GCF_004636565.1",1,2,TRUE,TRUE
"STR_0928","GCF_004636785.1",1,2,TRUE,TRUE
"STR_0929","GCF_004636805.1",1,2,TRUE,TRUE
"STR_0930","GCF_004636825.1",1,2,TRUE,TRUE
"STR_0931","GCF_004636845.1",1,2,TRUE,TRUE
"STR_0932","GCF_004636865.1",1,2,TRUE,TRUE
"STR_0933","GCF_004636885.1",1,2,TRUE,TRUE
"STR_0934","GCF_004636905.1",1,2,TRUE,TRUE
"STR_0935","GCF_004636925.1",1,2,TRUE,TRUE
"STR_0936","GCF_004636945.1",1,2,TRUE,TRUE
"STR_0937","GCF_004636965.1",1,2,TRUE,TRUE
"STR_0938","GCF_004636985.1",1,2,TRUE,TRUE
"STR_0939","GCF_004637005.1",1,2,TRUE,TRUE
"STR_0940","GCF_004637025.1",1,2,TRUE,TRUE
"STR_0941","GCF_004637045.1",1,2,TRUE,TRUE
"STR_0942","GCF_004637065.1",1,2,TRUE,TRUE
"STR_0943","GCF_004637085.1",1,2,TRUE,TRUE
"STR_0944","GCF_004637105.1",1,2,TRUE,TRUE
"STR_0945","GCF_004637145.1",1,2,TRUE,TRUE
"STR_0946","GCF_004637165.1",1,2,TRUE,TRUE
"STR_0947","GCF_004637185.1",1,2,TRUE,TRUE
"STR_0948","GCF_004637205.1",1,2,TRUE,TRUE
"STR_0949","GCF_004637225.1",1,2,TRUE,TRUE
"STR_0950","GCF_004637245.1",1,2,TRUE,TRUE
"STR_0951","GCF_004637265.1",1,2,TRUE,TRUE
"STR_0952","GCF_004768545.1",1,4,TRUE,TRUE
"STR_0953","GCF_004771055.1",1,2,TRUE,TRUE
"STR_0954","GCF_004794295.1",1,2,TRUE,TRUE
"STR_0955","GCF_004798725.1",1,11,TRUE,TRUE
"STR_0956","GCF_004842085.1",2,12,TRUE,TRUE
"STR_0957","GCF_005280315.1",0,2,FALSE,TRUE
"STR_0958","GCF_005937855.2",2,16,TRUE,TRUE
"STR_0959","GCF_006088755.1",2,9,TRUE,TRUE
"STR_0960","GCF_006094315.1",2,12,TRUE,TRUE
"STR_0961","GCF_006378125.1",0,10,FALSE,TRUE
"STR_0962","GCF_006740045.1",0,7,FALSE,TRUE
"STR_0963","GCF_006770325.1",0,10,FALSE,TRUE
"STR_0964","GCF_006770345.1",0,10,FALSE,TRUE
"STR_0965","GCF_006770365.1",0,2,FALSE,TRUE
"STR_0966","GCF_006770385.1",0,2,FALSE,TRUE
"STR_0967","GCF_006770405.1",0,10,FALSE,TRUE
"STR_0968","GCF_006770425.1",0,2,FALSE,TRUE
"STR_0969","GCF_007724625.1",2,12,TRUE,TRUE
"STR_0970","GCF_008119665.1",0,26,FALSE,TRUE
"STR_0971","GCF_008245125.1",0,27,FALSE,TRUE
"STR_0972","GCF_008271425.1",1,3,TRUE,TRUE
"STR_0973","GCF_008330005.1",1,2,TRUE,TRUE
"STR_0974","GCF_008432465.1",2,39,TRUE,TRUE
"STR_0975","GCF_008693385.1",1,3,TRUE,TRUE
"STR_0976","GCF_008693485.1",1,8,TRUE,TRUE
"STR_0977","GCF_008693525.1",1,8,TRUE,TRUE
"STR_0978","GCF_008693545.1",0,10,FALSE,TRUE
"STR_0979","GCF_008693665.1",1,2,TRUE,TRUE
"STR_0980","GCF_008728255.1",2,12,TRUE,TRUE
"STR_0981","GCF_008728295.1",2,12,TRUE,TRUE
"STR_0982","GCF_008728315.1",2,12,TRUE,TRUE
"STR_0983","GCF_008728335.1",2,12,TRUE,TRUE
"STR_0984","GCF_008728355.1",2,12,TRUE,TRUE
"STR_0985","GCF_008728375.1",2,12,TRUE,TRUE
"STR_0986","GCF_008801925.2",0,17,FALSE,TRUE
"STR_0987","GCF_008807855.1",1,1,TRUE,TRUE
"STR_0988","GCF_009191525.1",2,12,TRUE,TRUE
"STR_0989","GCF_009362995.1",1,27,TRUE,TRUE
"STR_0990","GCF_009363015.1",0,14,FALSE,TRUE
"STR_0991","GCF_009498455.1",0,7,FALSE,TRUE
"STR_0992","GCF_009578005.1",1,2,TRUE,TRUE
"STR_0993","GCF_009586235.1",2,12,TRUE,TRUE
"STR_0994","GCF_009625735.1",1,2,TRUE,TRUE
"STR_0995","GCF_009625755.1",1,2,TRUE,TRUE
"STR_0996","GCF_009625775.1",1,2,TRUE,TRUE
"STR_0997","GCF_009625795.1",1,2,TRUE,TRUE
"STR_0998","GCF_009625815.1",1,16,TRUE,TRUE
"STR_0999","GCF_009625835.1",1,2,TRUE,TRUE
"STR_1000","GCF_009625855.1",1,16,TRUE,TRUE
"STR_1001","GCF_009625875.1",1,2,TRUE,TRUE
"STR_1002","GCF_009625895.1",1,2,TRUE,TRUE
"STR_1003","GCF_009625915.1",1,2,TRUE,TRUE
"STR_1004","GCF_009625935.1",1,2,TRUE,TRUE
"STR_1005","GCF_009625955.1",1,2,TRUE,TRUE
"STR_1006","GCF_009625975.1",1,2,TRUE,TRUE
"STR_1007","GCF_009625995.1",1,2,TRUE,TRUE
"STR_1008","GCF_009626015.1",1,2,TRUE,TRUE
"STR_1009","GCF_009626035.1",1,2,TRUE,TRUE
"STR_1010","GCF_009626055.1",1,2,TRUE,TRUE
"STR_1011","GCF_009626075.1",1,2,TRUE,TRUE
"STR_1012","GCF_009626095.1",1,16,TRUE,TRUE
"STR_1013","GCF_009626115.1",1,2,TRUE,TRUE
"STR_1014","GCF_009626135.1",1,2,TRUE,TRUE
"STR_1015","GCF_009626155.1",1,2,TRUE,TRUE
"STR_1016","GCF_009626175.1",1,2,TRUE,TRUE
"STR_1017","GCF_009626195.1",1,2,TRUE,TRUE
"STR_1018","GCF_009626215.1",1,2,TRUE,TRUE
"STR_1019","GCF_009626235.1",1,2,TRUE,TRUE
"STR_1020","GCF_009626255.1",1,2,TRUE,TRUE
"STR_1021","GCF_009626275.1",1,2,TRUE,TRUE
"STR_1022","GCF_009626295.1",1,2,TRUE,TRUE
"STR_1023","GCF_009626315.1",1,2,TRUE,TRUE
"STR_1024","GCF_009626335.1",1,2,TRUE,TRUE
"STR_1025","GCF_009626355.1",1,2,TRUE,TRUE
"STR_1026","GCF_009626375.1",1,2,TRUE,TRUE
"STR_1027","GCF_009626395.1",1,2,TRUE,TRUE
"STR_1028","GCF_009626415.1",1,2,TRUE,TRUE
"STR_1029","GCF_009626435.1",1,2,TRUE,TRUE
"STR_1030","GCF_009626455.1",1,2,TRUE,TRUE
"STR_1031","GCF_009626475.1",1,16,TRUE,TRUE
"STR_1032","GCF_009626495.1",1,2,TRUE,TRUE
"STR_1033","GCF_009626515.1",1,2,TRUE,TRUE
"STR_1034","GCF_009626535.1",1,2,TRUE,TRUE
"STR_1035","GCF_009626555.1",1,2,TRUE,TRUE
"STR_1036","GCF_009626575.1",1,16,TRUE,TRUE
"STR_1037","GCF_009626595.1",1,2,TRUE,TRUE
"STR_1038","GCF_009626615.1",1,2,TRUE,TRUE
"STR_1039","GCF_009626635.1",1,2,TRUE,TRUE
"STR_1040","GCF_009626655.1",1,2,TRUE,TRUE
"STR_1041","GCF_009626675.1",1,2,TRUE,TRUE
"STR_1042","GCF_009626695.1",1,2,TRUE,TRUE
"STR_1043","GCF_009626715.1",1,2,TRUE,TRUE
"STR_1044","GCF_009626735.1",1,2,TRUE,TRUE
"STR_1045","GCF_009626755.1",1,2,TRUE,TRUE
"STR_1046","GCF_009626775.1",1,2,TRUE,TRUE
"STR_1047","GCF_009626795.1",1,2,TRUE,TRUE
"STR_1048","GCF_009626815.1",1,16,TRUE,TRUE
"STR_1049","GCF_009626835.1",1,2,TRUE,TRUE
"STR_1050","GCF_009626855.1",1,2,TRUE,TRUE
"STR_1051","GCF_009626875.1",1,2,TRUE,TRUE
"STR_1052","GCF_009626895.1",1,16,TRUE,TRUE
"STR_1053","GCF_009626915.1",1,16,TRUE,TRUE
"STR_1054","GCF_009626935.1",1,16,TRUE,TRUE
"STR_1055","GCF_009626955.1",1,16,TRUE,TRUE
"STR_1056","GCF_009626995.1",1,16,TRUE,TRUE
"STR_1057","GCF_009627015.1",1,16,TRUE,TRUE
"STR_1058","GCF_009627035.1",1,16,TRUE,TRUE
"STR_1059","GCF_009627075.1",1,16,TRUE,TRUE
"STR_1060","GCF_009627095.1",1,16,TRUE,TRUE
"STR_1061","GCF_009627115.1",1,16,TRUE,TRUE
"STR_1062","GCF_009627135.1",1,16,TRUE,TRUE
"STR_1063","GCF_009627155.1",1,16,TRUE,TRUE
"STR_1064","GCF_009627175.1",1,16,TRUE,TRUE
"STR_1065","GCF_009627195.1",1,16,TRUE,TRUE
"STR_1066","GCF_009627215.1",1,16,TRUE,TRUE
"STR_1067","GCF_009627235.1",1,2,TRUE,TRUE
"STR_1068","GCF_009627255.1",1,2,TRUE,TRUE
"STR_1069","GCF_009627275.1",1,16,TRUE,TRUE
"STR_1070","GCF_009627295.1",1,16,TRUE,TRUE
"STR_1071","GCF_009627315.1",1,2,TRUE,TRUE
"STR_1072","GCF_009627335.1",1,2,TRUE,TRUE
"STR_1073","GCF_009627355.1",1,16,TRUE,TRUE
"STR_1074","GCF_009627375.1",1,16,TRUE,TRUE
"STR_1075","GCF_009627395.1",1,16,TRUE,TRUE
"STR_1076","GCF_009627415.1",1,16,TRUE,TRUE
"STR_1077","GCF_009627435.1",1,16,TRUE,TRUE
"STR_1078","GCF_009627455.1",1,16,TRUE,TRUE
"STR_1079","GCF_009627475.1",1,16,TRUE,TRUE
"STR_1080","GCF_009627515.1",1,16,TRUE,TRUE
"STR_1081","GCF_009627535.1",1,16,TRUE,TRUE
"STR_1082","GCF_009627555.1",1,2,TRUE,TRUE
"STR_1083","GCF_009627575.1",1,16,TRUE,TRUE
"STR_1084","GCF_009627595.1",1,16,TRUE,TRUE
"STR_1085","GCF_009627615.1",1,16,TRUE,TRUE
"STR_1086","GCF_009627635.1",1,2,TRUE,TRUE
"STR_1087","GCF_009627655.1",1,16,TRUE,TRUE
"STR_1088","GCF_009627675.1",1,2,TRUE,TRUE
"STR_1089","GCF_009627695.1",1,2,TRUE,TRUE
"STR_1090","GCF_009627715.1",1,2,TRUE,TRUE
"STR_1091","GCF_009627735.1",1,2,TRUE,TRUE
"STR_1092","GCF_009627755.1",1,2,TRUE,TRUE
"STR_1093","GCF_009627775.1",1,16,TRUE,TRUE
"STR_1094","GCF_009627795.1",1,16,TRUE,TRUE
"STR_1095","GCF_009627815.1",1,16,TRUE,TRUE
"STR_1096","GCF_009627835.1",1,16,TRUE,TRUE
"STR_1097","GCF_009627855.1",1,16,TRUE,TRUE
"STR_1098","GCF_009627875.1",1,16,TRUE,TRUE
"STR_1099","GCF_009627895.1",1,16,TRUE,TRUE
"STR_1100","GCF_009627915.1",1,16,TRUE,TRUE
"STR_1101","GCF_009627935.1",1,16,TRUE,TRUE
"STR_1102","GCF_009627955.1",1,16,TRUE,TRUE
"STR_1103","GCF_009627975.1",1,16,TRUE,TRUE
"STR_1104","GCF_009730035.1",2,16,TRUE,TRUE
"STR_1105","GCF_009730175.1",2,16,TRUE,TRUE
"STR_1106","GCF_009730195.1",2,16,TRUE,TRUE
"STR_1107","GCF_009730455.1",1,21,TRUE,TRUE
"STR_1108","GCF_009755625.1",2,12,TRUE,TRUE
"STR_1109","GCF_009755665.1",1,4,TRUE,TRUE
"STR_1110","GCF_009789595.1",0,14,FALSE,TRUE
"STR_1111","GCF_009857095.1",1,2,TRUE,TRUE
"STR_1112","GCF_009859475.1",0,8,FALSE,TRUE
"STR_1113","GCF_009931375.1",1,2,TRUE,TRUE
"STR_1114","GCF_009937955.1",0,1,FALSE,TRUE
"STR_1115","GCF_010092625.1",0,2,FALSE,TRUE
"STR_1116","GCF_011100485.1",0,10,FALSE,TRUE
"STR_1117","GCF_011290405.1",2,23,TRUE,TRUE
"STR_1118","GCF_011290425.1",2,23,TRUE,TRUE
"STR_1119","GCF_011290445.1",2,23,TRUE,TRUE
"STR_1120","GCF_011290465.1",2,23,TRUE,TRUE
"STR_1121","GCF_011305335.1",1,0,TRUE,FALSE
"STR_1122","GCF_011305535.1",0,7,FALSE,TRUE
"STR_1123","GCF_011386965.1",0,6,FALSE,TRUE
"STR_1124","GCF_011578485.1",2,12,TRUE,TRUE
"STR_1125","GCF_012689525.1",1,9,TRUE,TRUE
"STR_1126","GCF_012849375.1",0,2,FALSE,TRUE
"STR_1127","GCF_012974165.1",1,16,TRUE,TRUE
"STR_1128","GCF_012974185.1",1,2,TRUE,TRUE
"STR_1129","GCF_012974205.1",1,16,TRUE,TRUE
"STR_1130","GCF_012974225.1",1,2,TRUE,TRUE
"STR_1131","GCF_012974245.1",1,2,TRUE,TRUE
"STR_1132","GCF_013116765.2",0,18,FALSE,TRUE
"STR_1133","GCF_013256255.1",0,9,FALSE,TRUE
"STR_1134","GCF_013267355.1",1,27,TRUE,TRUE
"STR_1135","GCF_013267375.1",0,21,FALSE,TRUE
"STR_1136","GCF_013267395.1",0,21,FALSE,TRUE
"STR_1137","GCF_013282235.1",2,31,TRUE,TRUE
"STR_1138","GCF_013282255.1",1,30,TRUE,TRUE
"STR_1139","GCF_013306015.1",2,23,TRUE,TRUE
"STR_1140","GCF_013306095.1",2,23,TRUE,TRUE
"STR_1141","GCF_013306155.1",2,23,TRUE,TRUE
"STR_1142","GCF_013306205.1",2,23,TRUE,TRUE
"STR_1143","GCF_013306235.1",2,23,TRUE,TRUE
"STR_1144","GCF_013306255.1",2,23,TRUE,TRUE
"STR_1145","GCF_013306275.1",2,23,TRUE,TRUE
"STR_1146","GCF_013306295.1",2,23,TRUE,TRUE
"STR_1147","GCF_013306315.1",2,23,TRUE,TRUE
"STR_1148","GCF_013306335.1",2,23,TRUE,TRUE
"STR_1149","GCF_013306355.1",2,23,TRUE,TRUE
"STR_1150","GCF_013306375.1",2,23,TRUE,TRUE
"STR_1151","GCF_013306395.1",2,23,TRUE,TRUE
"STR_1152","GCF_013306415.1",2,23,TRUE,TRUE
"STR_1153","GCF_013306435.1",2,23,TRUE,TRUE
"STR_1154","GCF_013306455.1",2,23,TRUE,TRUE
"STR_1155","GCF_013306475.1",2,23,TRUE,TRUE
"STR_1156","GCF_013306495.1",2,23,TRUE,TRUE
"STR_1157","GCF_013306515.1",2,23,TRUE,TRUE
"STR_1158","GCF_013306545.1",2,23,TRUE,TRUE
"STR_1159","GCF_013306575.1",2,23,TRUE,TRUE
"STR_1160","GCF_013306655.1",2,23,TRUE,TRUE
"STR_1161","GCF_013306745.1",2,23,TRUE,TRUE
"STR_1162","GCF_013306765.1",2,23,TRUE,TRUE
"STR_1163","GCF_013306785.1",2,23,TRUE,TRUE
"STR_1164","GCF_013306805.1",2,23,TRUE,TRUE
"STR_1165","GCF_013306825.1",2,23,TRUE,TRUE
"STR_1166","GCF_013306845.1",2,23,TRUE,TRUE
"STR_1167","GCF_013306875.1",2,23,TRUE,TRUE
"STR_1168","GCF_013306915.1",2,23,TRUE,TRUE
"STR_1169","GCF_013306935.1",2,23,TRUE,TRUE
"STR_1170","GCF_013306955.1",2,23,TRUE,TRUE
"STR_1171","GCF_013307145.1",1,2,TRUE,TRUE
"STR_1172","GCF_013307165.1",1,2,TRUE,TRUE
"STR_1173","GCF_013343095.1",0,21,FALSE,TRUE
"STR_1174","GCF_013343135.1",3,37,TRUE,TRUE
"STR_1175","GCF_013347325.1",0,9,FALSE,TRUE
"STR_1176","GCF_013372045.1",0,18,FALSE,TRUE
"STR_1177","GCF_013372065.1",0,18,FALSE,TRUE
"STR_1178","GCF_013375715.1",2,23,TRUE,TRUE
"STR_1179","GCF_013375735.1",2,23,TRUE,TRUE
"STR_1180","GCF_013378095.1",1,8,TRUE,TRUE
"STR_1181","GCF_013426895.1",1,8,TRUE,TRUE
"STR_1182","GCF_013704765.1",2,23,TRUE,TRUE
"STR_1183","GCF_013822785.1",1,8,TRUE,TRUE
"STR_1184","GCF_014041975.1",2,23,TRUE,TRUE
"STR_1185","GCF_014076415.1",0,9,FALSE,TRUE
"STR_1186","GCF_014076475.1",0,9,FALSE,TRUE
"STR_1187","GCF_014076495.1",0,7,FALSE,TRUE
"STR_1188","GCF_014211915.1",2,12,TRUE,TRUE
"STR_1189","GCF_014263355.1",1,2,TRUE,TRUE
"STR_1190","GCF_014395975.1",0,9,FALSE,TRUE
"STR_1191","GCF_014490035.1",0,18,FALSE,TRUE
"STR_1192","GCF_014490805.1",2,23,TRUE,TRUE
"STR_1193","GCF_014854795.1",2,12,TRUE,TRUE
"STR_1194","GCF_014884685.1",2,23,TRUE,TRUE
"STR_1195","GCF_014884705.1",2,23,TRUE,TRUE
"STR_1196","GCF_014884725.1",2,23,TRUE,TRUE
"STR_1197","GCF_014884745.1",2,10,TRUE,TRUE
"STR_1198","GCF_014931035.1",1,9,TRUE,TRUE
"STR_1199","GCF_015097935.1",2,23,TRUE,TRUE
"STR_1200","GCF_015098135.1",2,23,TRUE,TRUE
"STR_1201","GCF_015098255.1",2,23,TRUE,TRUE
"STR_1202","GCF_015098475.1",2,23,TRUE,TRUE
"STR_1203","GCF_015098595.1",2,23,TRUE,TRUE
"STR_1204","GCF_015098755.1",2,23,TRUE,TRUE
"STR_1205","GCF_015624425.1",1,2,TRUE,TRUE
"STR_1206","GCF_015698345.1",2,23,TRUE,TRUE
"STR_1207","GCF_015698365.1",2,23,TRUE,TRUE
"STR_1208","GCF_015698385.1",2,23,TRUE,TRUE
"STR_1209","GCF_015832135.1",0,4,FALSE,TRUE
"STR_1210","GCF_015999365.1",2,23,TRUE,TRUE
"STR_1211","GCF_016026055.1",1,2,TRUE,TRUE
"STR_1212","GCF_016026535.1",1,26,TRUE,TRUE
"STR_1213","GCF_016027035.1",3,37,TRUE,TRUE
"STR_1214","GCF_016027075.1",0,29,FALSE,TRUE
"STR_1215","GCF_016027435.1",2,15,TRUE,TRUE
"STR_1216","GCF_016027775.1",1,24,TRUE,TRUE
"STR_1217","GCF_016027815.1",1,27,TRUE,TRUE
"STR_1218","GCF_016127315.1",1,33,TRUE,TRUE
"STR_1219","GCF_016127415.1",1,26,TRUE,TRUE
"STR_1220","GCF_016127575.1",1,11,TRUE,TRUE
"STR_1221","GCF_016127755.1",2,16,TRUE,TRUE
"STR_1222","GCF_016128035.1",0,2,FALSE,TRUE
"STR_1223","GCF_016128195.1",0,1,FALSE,TRUE
"STR_1224","GCF_016446305.1",0,2,FALSE,TRUE
"STR_1225","GCF_016458785.1",2,16,TRUE,TRUE
"STR_1226","GCF_016458805.1",1,8,TRUE,TRUE
"STR_1227","GCF_016592015.1",0,3,FALSE,TRUE
"STR_1228","GCF_016598875.1",1,2,TRUE,TRUE
"STR_1229","GCF_016698705.1",1,2,TRUE,TRUE
"STR_1230","GCF_016728825.1",2,34,TRUE,TRUE
"STR_1231","GCF_016743075.1",1,23,TRUE,TRUE
"STR_1232","GCF_016757775.1",1,21,TRUE,TRUE
"STR_1233","GCF_016774495.1",2,12,TRUE,TRUE
"STR_1234","GCF_016804265.1",1,2,TRUE,TRUE
"STR_1235","GCF_016804285.1",1,16,TRUE,TRUE
"STR_1236","GCF_016807785.1",0,2,FALSE,TRUE
"STR_1237","GCF_016889205.1",1,8,TRUE,TRUE
"STR_1238","GCF_016894365.1",1,1,TRUE,TRUE
"STR_1239","GCF_016894385.1",1,1,TRUE,TRUE
"STR_1240","GCF_016899425.1",2,12,TRUE,TRUE
"STR_1241","GCF_016899445.1",1,8,TRUE,TRUE
"STR_1242","GCF_016903095.1",1,2,TRUE,TRUE
"STR_1243","GCF_016903175.1",1,2,TRUE,TRUE
"STR_1244","GCF_016904215.1",1,2,TRUE,TRUE
"STR_1245","GCF_016904355.1",1,2,TRUE,TRUE
"STR_1246","GCF_016904375.1",1,2,TRUE,TRUE
"STR_1247","GCF_017165175.1",1,8,TRUE,TRUE
"STR_1248","GCF_017165195.1",1,8,TRUE,TRUE
"STR_1249","GCF_017165475.1",1,8,TRUE,TRUE
"STR_1250","GCF_017165495.1",1,8,TRUE,TRUE
"STR_1251","GCF_017165515.1",1,8,TRUE,TRUE
"STR_1252","GCF_017165535.1",1,8,TRUE,TRUE
"STR_1253","GCF_017165555.1",1,8,TRUE,TRUE
"STR_1254","GCF_017357145.1",1,16,TRUE,TRUE
"STR_1255","GCF_017357165.1",1,2,TRUE,TRUE
"STR_1256","GCF_017357185.1",1,2,TRUE,TRUE
"STR_1257","GCF_017377875.1",0,2,FALSE,TRUE
"STR_1258","GCF_017378155.1",2,12,TRUE,TRUE
"STR_1259","GCF_017378235.1",2,12,TRUE,TRUE
"STR_1260","GCF_017378275.1",2,12,TRUE,TRUE
"STR_1261","GCF_017378355.1",2,12,TRUE,TRUE
"STR_1262","GCF_017378435.1",2,12,TRUE,TRUE
"STR_1263","GCF_017514945.1",1,8,TRUE,TRUE
"STR_1264","GCF_017815595.1",1,8,TRUE,TRUE
"STR_1265","GCF_017815615.1",1,8,TRUE,TRUE
"STR_1266","GCF_017858835.1",1,2,TRUE,TRUE
"STR_1267","GCF_017976505.1",0,3,FALSE,TRUE
"STR_1268","GCF_018223725.1",1,10,TRUE,TRUE
"STR_1269","GCF_018223765.1",2,12,TRUE,TRUE
"STR_1270","GCF_018223785.1",2,12,TRUE,TRUE
"STR_1271","GCF_018223805.1",2,12,TRUE,TRUE
"STR_1272","GCF_018228625.1",2,12,TRUE,TRUE
"STR_1273","GCF_018243215.1",2,24,TRUE,TRUE
"STR_1274","GCF_018243235.1",2,23,TRUE,TRUE
"STR_1275","GCF_018417535.1",1,16,TRUE,TRUE
"STR_1276","GCF_018437695.1",1,27,TRUE,TRUE
"STR_1277","GCF_018540425.1",2,23,TRUE,TRUE
"STR_1278","GCF_018672515.1",1,21,TRUE,TRUE
"STR_1279","GCF_018731965.1",2,23,TRUE,TRUE
"STR_1280","GCF_018733955.1",2,23,TRUE,TRUE
"STR_1281","GCF_018734165.1",0,10,FALSE,TRUE
"STR_1282","GCF_018734225.1",0,10,FALSE,TRUE
"STR_1283","GCF_018734265.1",0,10,FALSE,TRUE
"STR_1284","GCF_018734285.1",0,10,FALSE,TRUE
"STR_1285","GCF_018734305.1",0,10,FALSE,TRUE
"STR_1286","GCF_018771365.1",2,12,TRUE,TRUE
"STR_1287","GCF_019186805.1",0,7,FALSE,TRUE
"STR_1288","GCF_019343455.1",0,2,FALSE,TRUE
"STR_1289","GCF_019443505.1",0,14,FALSE,TRUE
"STR_1290","GCF_019448355.1",0,14,FALSE,TRUE
"STR_1291","GCF_019602855.1",1,14,TRUE,TRUE
"STR_1292","GCF_019930785.1",1,8,TRUE,TRUE
"STR_1293","GCF_019931045.1",0,3,FALSE,TRUE
"STR_1294","GCF_019974435.1",1,2,TRUE,TRUE
"STR_1295","GCF_020099355.1",1,8,TRUE,TRUE
"STR_1296","GCF_020149505.1",1,21,TRUE,TRUE
"STR_1297","GCF_020162215.1",1,9,TRUE,TRUE
"STR_1298","GCF_020541125.1",0,14,FALSE,TRUE
"STR_1299","GCF_020544345.1",1,8,TRUE,TRUE
"STR_1300","GCF_020618415.1",0,10,FALSE,TRUE
"STR_1301","GCF_020735885.1",1,2,TRUE,TRUE
"STR_1302","GCF_020735925.1",1,2,TRUE,TRUE
"STR_1303","GCF_020735965.1",1,2,TRUE,TRUE
"STR_1304","GCF_020735985.1",1,16,TRUE,TRUE
"STR_1305","GCF_020736245.1",1,8,TRUE,TRUE
"STR_1306","GCF_020736265.1",1,2,TRUE,TRUE
"STR_1307","GCF_020783275.1",1,4,TRUE,TRUE
"STR_1308","GCF_020783295.1",1,4,TRUE,TRUE
"STR_1309","GCF_020843905.1",2,16,TRUE,TRUE
"STR_1310","GCF_020843925.1",3,20,TRUE,TRUE
"STR_1311","GCF_020843945.1",2,16,TRUE,TRUE
"STR_1312","GCF_020843965.1",2,16,TRUE,TRUE
"STR_1313","GCF_020843985.1",2,16,TRUE,TRUE
"STR_1314","GCF_020885575.1",1,8,TRUE,TRUE
"STR_1315","GCF_020886175.1",1,9,TRUE,TRUE
"STR_1316","GCF_020923475.1",2,23,TRUE,TRUE
"STR_1317","GCF_021432025.1",0,18,FALSE,TRUE
"STR_1318","GCF_021474185.1",1,21,TRUE,TRUE
"STR_1319","GCF_021496925.1",0,4,FALSE,TRUE
"STR_1320","GCF_021729865.1",1,2,TRUE,TRUE
"STR_1321","GCF_021899435.1",2,20,TRUE,TRUE
"STR_1322","GCF_022213445.1",1,8,TRUE,TRUE
"STR_1323","GCF_022343965.1",0,2,FALSE,TRUE
"STR_1324","GCF_022404835.1",1,2,TRUE,TRUE
"STR_1325","GCF_022404855.1",1,2,TRUE,TRUE
"STR_1326","GCF_022406855.1",0,10,FALSE,TRUE
"STR_1327","GCF_022406915.1",1,2,TRUE,TRUE
"STR_1328","GCF_022406935.1",1,2,TRUE,TRUE
"STR_1329","GCF_022406975.1",1,2,TRUE,TRUE
"STR_1330","GCF_022406995.1",1,2,TRUE,TRUE
"STR_1331","GCF_022407015.1",1,2,TRUE,TRUE
"STR_1332","GCF_022407075.1",1,2,TRUE,TRUE
"STR_1333","GCF_022407135.1",1,2,TRUE,TRUE
"STR_1334","GCF_022407175.1",1,2,TRUE,TRUE
"STR_1335","GCF_022407235.1",1,2,TRUE,TRUE
"STR_1336","GCF_022407295.1",1,2,TRUE,TRUE
"STR_1337","GCF_022407515.1",1,2,TRUE,TRUE
"STR_1338","GCF_022407655.1",1,2,TRUE,TRUE
"STR_1339","GCF_022407775.1",1,2,TRUE,TRUE
"STR_1340","GCF_022407895.1",1,2,TRUE,TRUE
"STR_1341","GCF_022408035.1",1,2,TRUE,TRUE
"STR_1342","GCF_022409135.1",1,2,TRUE,TRUE
"STR_1343","GCF_022409175.1",1,2,TRUE,TRUE
"STR_1344","GCF_022409235.1",1,2,TRUE,TRUE
"STR_1345","GCF_022409295.1",1,2,TRUE,TRUE
"STR_1346","GCF_022409315.1",1,2,TRUE,TRUE
"STR_1347","GCF_022409375.1",1,2,TRUE,TRUE
"STR_1348","GCF_022409395.1",1,2,TRUE,TRUE
"STR_1349","GCF_022409415.1",1,2,TRUE,TRUE
"STR_1350","GCF_022409515.1",1,2,TRUE,TRUE
"STR_1351","GCF_022409535.1",1,2,TRUE,TRUE
"STR_1352","GCF_022409575.1",1,2,TRUE,TRUE
"STR_1353","GCF_022493915.1",1,4,TRUE,TRUE
"STR_1354","GCF_022494945.1",1,4,TRUE,TRUE
"STR_1355","GCF_022494965.1",1,4,TRUE,TRUE
"STR_1356","GCF_022533485.1",2,12,TRUE,TRUE
"STR_1357","GCF_022625045.1",2,23,TRUE,TRUE
"STR_1358","GCF_022749535.1",1,9,TRUE,TRUE
"STR_1359","GCF_022749555.1",1,9,TRUE,TRUE
"STR_1360","GCF_022749575.1",1,9,TRUE,TRUE
"STR_1361","GCF_022809715.1",2,16,TRUE,TRUE
"STR_1362","GCF_022846195.1",1,27,TRUE,TRUE
"STR_1363","GCF_022870085.1",3,37,TRUE,TRUE
"STR_1364","GCF_022879815.1",1,0,TRUE,FALSE
"STR_1365","GCF_023053515.1",2,12,TRUE,TRUE
"STR_1366","GCF_023101245.1",0,2,FALSE,TRUE
"STR_1367","GCF_023169865.1",1,8,TRUE,TRUE
"STR_1368","GCF_023373625.1",1,8,TRUE,TRUE
"STR_1369","GCF_023373645.1",1,8,TRUE,TRUE
"STR_1370","GCF_023373665.1",1,8,TRUE,TRUE
"STR_1371","GCF_023373685.1",1,8,TRUE,TRUE
"STR_1372","GCF_023373725.1",1,8,TRUE,TRUE
"STR_1373","GCF_023373785.1",0,2,FALSE,TRUE
"STR_1374","GCF_023374315.1",1,8,TRUE,TRUE
"STR_1375","GCF_023374335.1",2,12,TRUE,TRUE
"STR_1376","GCF_023374355.1",1,8,TRUE,TRUE
"STR_1377","GCF_023374375.1",2,16,TRUE,TRUE
"STR_1378","GCF_023374395.1",1,8,TRUE,TRUE
"STR_1379","GCF_023374415.1",2,16,TRUE,TRUE
"STR_1380","GCF_023374435.1",2,16,TRUE,TRUE
"STR_1381","GCF_023374455.1",1,8,TRUE,TRUE
"STR_1382","GCF_023374475.1",2,12,TRUE,TRUE
"STR_1383","GCF_023374495.1",1,8,TRUE,TRUE
"STR_1384","GCF_023374515.1",1,8,TRUE,TRUE
"STR_1385","GCF_023374535.1",1,8,TRUE,TRUE
"STR_1386","GCF_023374575.1",1,8,TRUE,TRUE
"STR_1387","GCF_023374595.1",2,16,TRUE,TRUE
"STR_1388","GCF_023374615.1",1,8,TRUE,TRUE
"STR_1389","GCF_023374635.1",1,8,TRUE,TRUE
"STR_1390","GCF_023374655.1",1,8,TRUE,TRUE
"STR_1391","GCF_023374675.1",2,12,TRUE,TRUE
"STR_1392","GCF_023374695.1",1,8,TRUE,TRUE
"STR_1393","GCF_023374715.1",2,12,TRUE,TRUE
"STR_1394","GCF_023374735.1",1,8,TRUE,TRUE
"STR_1395","GCF_023374755.1",1,8,TRUE,TRUE
"STR_1396","GCF_023374775.1",1,8,TRUE,TRUE
"STR_1397","GCF_023374795.1",1,8,TRUE,TRUE
"STR_1398","GCF_023374815.1",1,8,TRUE,TRUE
"STR_1399","GCF_023374835.1",2,12,TRUE,TRUE
"STR_1400","GCF_023374855.1",2,12,TRUE,TRUE
"STR_1401","GCF_023374875.1",2,16,TRUE,TRUE
"STR_1402","GCF_023374895.1",1,8,TRUE,TRUE
"STR_1403","GCF_023518395.1",2,23,TRUE,TRUE
"STR_1404","GCF_023547405.1",1,3,TRUE,TRUE
"STR_1405","GCF_023573145.1",1,3,TRUE,TRUE
"STR_1406","GCF_023612135.1",1,2,TRUE,TRUE
"STR_1407","GCF_023658595.1",1,2,TRUE,TRUE
"STR_1408","GCF_023674485.1",0,2,FALSE,TRUE
"STR_1409","GCF_023824295.1",0,9,FALSE,TRUE
"STR_1410","GCF_023921285.1",0,2,FALSE,TRUE
"STR_1411","GCF_024022955.1",1,2,TRUE,TRUE
"STR_1412","GCF_024072595.1",1,1,TRUE,TRUE
"STR_1413","GCF_024072715.1",1,1,TRUE,TRUE
"STR_1414","GCF_024123895.1",1,1,TRUE,TRUE
"STR_1415","GCF_024266725.1",0,2,FALSE,TRUE
"STR_1416","GCF_024381035.1",2,12,TRUE,TRUE
"STR_1417","GCF_024496285.1",1,9,TRUE,TRUE
"STR_1418","GCF_024498935.1",0,9,FALSE,TRUE
"STR_1419","GCF_024584725.1",0,2,FALSE,TRUE
"STR_1420","GCF_024600575.1",2,12,TRUE,TRUE
"STR_1421","GCF_024661975.1",3,19,TRUE,TRUE
"STR_1422","GCF_024662395.1",1,2,TRUE,TRUE
"STR_1423","GCF_024662415.1",1,2,TRUE,TRUE
"STR_1424","GCF_024662435.1",1,2,TRUE,TRUE
"STR_1425","GCF_024662455.1",1,2,TRUE,TRUE
"STR_1426","GCF_024662475.1",1,2,TRUE,TRUE
"STR_1427","GCF_024662615.1",1,2,TRUE,TRUE
"STR_1428","GCF_024662735.1",1,2,TRUE,TRUE
"STR_1429","GCF_024662895.1",1,2,TRUE,TRUE
"STR_1430","GCF_024663015.1",1,2,TRUE,TRUE
"STR_1431","GCF_024663135.1",1,2,TRUE,TRUE
"STR_1432","GCF_024663255.1",1,2,TRUE,TRUE
"STR_1433","GCF_024663375.1",1,2,TRUE,TRUE
"STR_1434","GCF_024663615.1",1,2,TRUE,TRUE
"STR_1435","GCF_024663775.1",1,2,TRUE,TRUE
"STR_1436","GCF_024663895.1",1,2,TRUE,TRUE
"STR_1437","GCF_024663975.1",1,2,TRUE,TRUE
"STR_1438","GCF_024663995.1",1,2,TRUE,TRUE
"STR_1439","GCF_024664015.1",1,2,TRUE,TRUE
"STR_1440","GCF_024664035.1",1,2,TRUE,TRUE
"STR_1441","GCF_024664055.1",1,2,TRUE,TRUE
"STR_1442","GCF_024664075.1",1,2,TRUE,TRUE
"STR_1443","GCF_024664095.1",1,2,TRUE,TRUE
"STR_1444","GCF_024664115.1",1,2,TRUE,TRUE
"STR_1445","GCF_024664135.1",1,2,TRUE,TRUE
"STR_1446","GCF_024664155.1",1,2,TRUE,TRUE
"STR_1447","GCF_024664175.1",1,2,TRUE,TRUE
"STR_1448","GCF_024664195.1",1,2,TRUE,TRUE
"STR_1449","GCF_024664215.1",1,2,TRUE,TRUE
"STR_1450","GCF_024664235.1",1,2,TRUE,TRUE
"STR_1451","GCF_024664255.1",1,2,TRUE,TRUE
"STR_1452","GCF_024664275.1",1,2,TRUE,TRUE
"STR_1453","GCF_024704525.1",1,7,TRUE,TRUE
"STR_1454","GCF_024730645.1",2,12,TRUE,TRUE
"STR_1455","GCF_024732225.1",1,8,TRUE,TRUE
"STR_1456","GCF_024760585.1",1,2,TRUE,TRUE
"STR_1457","GCF_024760605.1",1,2,TRUE,TRUE
"STR_1458","GCF_024760625.1",1,2,TRUE,TRUE
"STR_1459","GCF_024760645.1",1,2,TRUE,TRUE
"STR_1460","GCF_024802605.1",2,23,TRUE,TRUE
"STR_1461","GCF_024925465.1",2,23,TRUE,TRUE
"STR_1462","GCF_024930265.1",1,2,TRUE,TRUE
"STR_1463","GCF_025244785.1",1,2,TRUE,TRUE
"STR_1464","GCF_025309455.1",0,8,FALSE,TRUE
"STR_1465","GCF_025309775.1",0,9,FALSE,TRUE
"STR_1466","GCF_025398155.2",1,4,TRUE,TRUE
"STR_1467","GCF_025426095.1",2,31,TRUE,TRUE
"STR_1468","GCF_025560745.1",3,19,TRUE,TRUE
"STR_1469","GCF_025643495.1",2,16,TRUE,TRUE
"STR_1470","GCF_025643515.1",1,8,TRUE,TRUE
"STR_1471","GCF_025643555.1",1,8,TRUE,TRUE
"STR_1472","GCF_025859515.1",2,23,TRUE,TRUE
"STR_1473","GCF_025859615.1",2,23,TRUE,TRUE
"STR_1474","GCF_025859635.1",2,23,TRUE,TRUE
"STR_1475","GCF_025884395.1",2,23,TRUE,TRUE
"STR_1476","GCF_025960365.1",0,2,FALSE,TRUE
"STR_1477","GCF_026001265.1",1,2,TRUE,TRUE
"STR_1478","GCF_026016705.1",2,23,TRUE,TRUE
"STR_1479","GCF_026016725.1",2,23,TRUE,TRUE
"STR_1480","GCF_026016745.1",2,23,TRUE,TRUE
"STR_1481","GCF_026210475.1",0,9,FALSE,TRUE
"STR_1482","GCF_026315005.1",2,12,TRUE,TRUE
"STR_1483","GCF_026315045.1",2,12,TRUE,TRUE
"STR_1484","GCF_026651625.1",1,2,TRUE,TRUE
"STR_1485","GCF_026651975.1",1,2,TRUE,TRUE
"STR_1486","GCF_026651995.1",1,2,TRUE,TRUE
"STR_1487","GCF_026652015.1",1,2,TRUE,TRUE
"STR_1488","GCF_026692605.1",0,14,FALSE,TRUE
"STR_1489","GCF_026958255.1",2,16,TRUE,TRUE
"STR_1490","GCF_026970895.1",0,30,FALSE,TRUE
"STR_1491","GCF_027595045.1",0,2,FALSE,TRUE
"STR_1492","GCF_027941855.1",0,14,FALSE,TRUE
"STR_1493","GCF_028201395.1",2,12,TRUE,TRUE
"STR_1494","GCF_028473465.1",1,12,TRUE,TRUE
"STR_1495","GCF_028473585.1",1,12,TRUE,TRUE
"STR_1496","GCF_028473605.1",0,1,FALSE,TRUE
"STR_1497","GCF_028473625.1",0,22,FALSE,TRUE
"STR_1498","GCF_028473645.1",0,6,FALSE,TRUE
"STR_1499","GCF_028473685.1",0,1,FALSE,TRUE
"STR_1500","GCF_028657905.1",2,16,TRUE,TRUE
"STR_1501","GCF_028993615.1",0,6,FALSE,TRUE
"STR_1502","GCF_029000325.1",0,2,FALSE,TRUE
"STR_1503","GCF_029026905.1",1,9,TRUE,TRUE
"STR_1504","GCF_029028125.1",1,14,TRUE,TRUE
"STR_1505","GCF_029215875.1",1,27,TRUE,TRUE
"STR_1506","GCF_029219945.1",2,24,TRUE,TRUE
"STR_1507","GCF_029219965.1",1,22,TRUE,TRUE
"STR_1508","GCF_029219985.1",2,25,TRUE,TRUE
"STR_1509","GCF_029220025.1",2,24,TRUE,TRUE
"STR_1510","GCF_029220045.1",2,23,TRUE,TRUE
"STR_1511","GCF_029220065.1",2,23,TRUE,TRUE
"STR_1512","GCF_029278605.1",1,14,TRUE,TRUE
"STR_1513","GCF_029495675.1",0,14,FALSE,TRUE
"STR_1514","GCF_029543025.1",0,21,FALSE,TRUE
"STR_1515","GCF_029590315.1",1,27,TRUE,TRUE
"STR_1516","GCF_029637605.1",0,14,FALSE,TRUE
"STR_1517","GCF_029690045.1",0,14,FALSE,TRUE
"STR_1518","GCF_029814915.1",1,27,TRUE,TRUE
"STR_1519","GCF_029866465.1",0,14,FALSE,TRUE
"STR_1520","GCF_029910215.1",0,1,FALSE,TRUE
"STR_1521","GCF_029919115.1",1,4,TRUE,TRUE
"STR_1522","GCF_029962485.1",1,8,TRUE,TRUE
"STR_1523","GCF_900009115.1",2,39,TRUE,TRUE
"STR_1524","GCF_900009125.1",1,33,TRUE,TRUE
"STR_1525","GCF_900010105.1",1,30,TRUE,TRUE
"STR_1526","GCF_900078695.1",0,9,FALSE,TRUE
"STR_1527","GCF_900089455.2",0,21,FALSE,TRUE
"STR_1528","GCF_900186845.1",1,2,TRUE,TRUE
"STR_1529","GCF_900186895.1",0,10,FALSE,TRUE
"STR_1530","GCF_900187205.1",1,7,TRUE,TRUE
"STR_1531","GCF_900187345.1",1,2,TRUE,TRUE
"STR_1532","GCF_900327835.1",1,2,TRUE,TRUE
"STR_1533","GCF_900327845.1",1,2,TRUE,TRUE
"STR_1534","GCF_900327855.1",1,2,TRUE,TRUE
"STR_1535","GCF_900327865.1",1,2,TRUE,TRUE
"STR_1536","GCF_900327875.1",1,2,TRUE,TRUE
"STR_1537","GCF_900465145.1",1,2,TRUE,TRUE
"STR_1538","GCF_900465165.1",1,2,TRUE,TRUE
"STR_1539","GCF_900465175.1",1,2,TRUE,TRUE
"STR_1540","GCF_900465715.1",1,2,TRUE,TRUE
"STR_1541","GCF_900465735.1",1,2,TRUE,TRUE
"STR_1542","GCF_900465745.1",1,2,TRUE,TRUE
"STR_1543","GCF_900465785.1",1,2,TRUE,TRUE
"STR_1544","GCF_900465795.1",1,2,TRUE,TRUE
"STR_1545","GCF_900465925.1",1,2,TRUE,TRUE
"STR_1546","GCF_900475575.1",2,31,TRUE,TRUE
"STR_1547","GCF_900475665.1",1,2,TRUE,TRUE
"STR_1548","GCF_900475845.1",1,2,TRUE,TRUE
"STR_1549","GCF_900636675.1",0,14,FALSE,TRUE
"STR_1550","GCF_900636925.1",1,2,TRUE,TRUE
"STR_1551","GCF_900636935.1",1,2,TRUE,TRUE
"STR_1552","GCF_900637265.1",0,27,FALSE,TRUE
"STR_1553","GCF_900637615.1",0,10,FALSE,TRUE
"STR_1554","GCF_900637995.1",1,2,TRUE,TRUE
"STR_1555","GCF_901472525.1",1,2,TRUE,TRUE
"STR_1556","GCF_901482575.1",1,2,TRUE,TRUE
"STR_1557","GCF_902459535.1",1,1,TRUE,TRUE
"STR_1558","GCF_903815225.1",1,11,TRUE,TRUE
"STR_1559","GCF_904865725.1",2,12,TRUE,TRUE
"STR_1560","CRBC_G0001",1,2,TRUE,TRUE
"STR_1561","CRBC_G0006",1,4,TRUE,TRUE
"STR_1562","CRBC_G0007",1,4,TRUE,TRUE
"STR_1563","CRBC_G0013",1,2,TRUE,TRUE
"STR_1564","CRBC_G0021",0,9,FALSE,TRUE
"STR_1565","CRBC_G0146",1,4,TRUE,TRUE
"STR_1566","CRBC_G0203",1,2,TRUE,TRUE
"STR_1567","CRBC_G0224",1,4,TRUE,TRUE
"STR_1568","CRBC_G0235",1,4,TRUE,TRUE
"STR_1569","CRBC_G0242",1,2,TRUE,TRUE
"STR_1570","CRBC_G0280",1,4,TRUE,TRUE
"STR_1571","CRBC_G0290",1,11,TRUE,TRUE
"STR_1572","CRBC_G0368",1,11,TRUE,TRUE
"STR_1573","CRBC_G0437",0,9,FALSE,TRUE
"STR_1574","CRBC_G0448",1,6,TRUE,TRUE
"STR_1575","CRBC_G0475",1,4,TRUE,TRUE
"STR_1576","CRBC_G0478",1,4,TRUE,TRUE
"STR_1577","CRBC_G0507",1,2,TRUE,TRUE
"STR_1578","CRBC_G0520",1,6,TRUE,TRUE
"STR_1579","CRBC_G0523",1,6,TRUE,TRUE
"STR_1580","CRBC_G0544",0,9,FALSE,TRUE
"STR_1581","CRBC_G0571",1,11,TRUE,TRUE
"STR_1582","CRBC_G0617",1,11,TRUE,TRUE
"STR_1583","CRBC_G0643",1,11,TRUE,TRUE
"STR_1584","CRBC_G0654",1,2,TRUE,TRUE
"STR_1585","CRBC_G0656",1,2,TRUE,TRUE
"STR_1586","CRBC_G0736",1,4,TRUE,TRUE
"STR_1587","CRBC_G0745",1,2,TRUE,TRUE
"STR_1588","CRBC_G0766",1,2,TRUE,TRUE
"STR_1589","CRBC_G1003",1,11,TRUE,TRUE
"STR_1590","CRBC_G1005",1,11,TRUE,TRUE
"STR_1591","CRBC_G1046",1,11,TRUE,TRUE
"STR_1592","CRBC_G1109",1,11,TRUE,TRUE
"STR_1593","CRBC_G1608",1,3,TRUE,TRUE
"STR_1594","CRBC_G1884",1,4,TRUE,TRUE
"STR_1595","CRBC_G1885",1,4,TRUE,TRUE
"STR_1596","CRBC_G2201",1,14,TRUE,TRUE
"STR_1597","CRBC_G2300",2,12,TRUE,TRUE
"STR_1598","CRBC_G2424",0,1,FALSE,TRUE
"STR_1599","CRBC_G2495",1,6,TRUE,TRUE
"STR_1600","CRBC_G2506",0,1,FALSE,TRUE
"STR_1601","CRBC_G2510",1,4,TRUE,TRUE
"STR_1602","CRBC_G2531",1,0,TRUE,FALSE
"STR_1603","CRBC_G2533",1,6,TRUE,TRUE
"STR_1604","CRBC_G2542",1,14,TRUE,TRUE
"STR_1605","CRBC_G2666",1,4,TRUE,TRUE
"STR_1606","CRBC_G2818",1,6,TRUE,TRUE
"STR_1607","CRBC_G2945",1,4,TRUE,TRUE
"STR_1608","CRBC_G3162",1,3,TRUE,TRUE
"STR_1609","CRBC_G3230",1,8,TRUE,TRUE
"STR_1610","CRBC_G3362",1,11,TRUE,TRUE
"STR_1611","CRBC_G3373",1,11,TRUE,TRUE
"STR_1612","CRBC_G3389",1,11,TRUE,TRUE
"STR_1613","CRBC_G3416",1,11,TRUE,TRUE
"STR_1614","CRBC_G3447",1,11,TRUE,TRUE
"STR_1615","CRBC_G3479",1,11,TRUE,TRUE
"STR_1616","CRBC_G3481",0,3,FALSE,TRUE
"STR_1617","CRBC_G3508",0,14,FALSE,TRUE
"STR_1618","CRBC_G3529",1,3,TRUE,TRUE
"STR_1619","CRBC_G3606",0,14,FALSE,TRUE
"STR_1620","CRBC_G3712",1,11,TRUE,TRUE
"STR_1621","CRBC_G3857",1,11,TRUE,TRUE
"STR_1622","CRBC_G3872",0,2,FALSE,TRUE
"STR_1623","CRBC_G3874",1,11,TRUE,TRUE
"STR_1624","CRBC_G3993",1,11,TRUE,TRUE
"STR_1625","CRBC_G4211",1,11,TRUE,TRUE
"STR_1626","CRBC_G4365",1,14,TRUE,TRUE
"STR_1627","CRBC_G4390",1,4,TRUE,TRUE
"STR_1628","CRBC_G4428",1,8,TRUE,TRUE
"STR_1629","CRBC_G4460",1,14,TRUE,TRUE
"STR_1630","CRBC_G4495",1,3,TRUE,TRUE
"STR_1631","CRBC_G4546",1,3,TRUE,TRUE
"STR_1632","CRBC_G4551",1,14,TRUE,TRUE
"STR_1633","CRBC_G4572",1,27,TRUE,TRUE
"STR_1634","CRBC_G4594",1,11,TRUE,TRUE
"STR_1635","CRBC_G4597",1,11,TRUE,TRUE
"STR_1636","CRBC_G4603",1,4,TRUE,TRUE
"STR_1637","CRBC_G4604",1,4,TRUE,TRUE
"STR_1638","CRBC_G4605",1,4,TRUE,TRUE
"STR_1639","CRBC_G2235",0,2,FALSE,TRUE
"STR_1640","CRBC_G2241",0,2,FALSE,TRUE
"STR_1641","CRBC_G2249",0,2,FALSE,TRUE
"STR_1642","CRBC_G2949",0,2,FALSE,TRUE
"STR_1643","CRBC_G2950",0,2,FALSE,TRUE
"STR_1644","CRBC_G4316",1,17,TRUE,TRUE
"STR_1645","CRBC_G4728",0,2,FALSE,TRUE
"STR_1646","CRBC_G0186",0,21,FALSE,TRUE
"STR_1647","CRBC_G1302",0,2,FALSE,TRUE
"STR_1648","CRBC_G1765",0,2,FALSE,TRUE
"STR_1649","CRBC_G2310",1,7,TRUE,TRUE
"STR_1650","CRBC_G2319",1,7,TRUE,TRUE
"STR_1651","CRBC_G2320",1,7,TRUE,TRUE
"STR_1652","CRBC_G3212",1,24,TRUE,TRUE
"STR_1653","CRBC_G0093",1,2,TRUE,TRUE
"STR_1654","CRBC_G0101",1,2,TRUE,TRUE
"STR_1655","CRBC_G0767",1,2,TRUE,TRUE
"STR_1656","CRBC_G3462",1,8,TRUE,TRUE
"STR_1657","CRBC_G3526",1,2,TRUE,TRUE
"STR_1658","CRBC_G3663",1,14,TRUE,TRUE
"STR_1659","CRBC_G3711",1,14,TRUE,TRUE
"STR_1660","CRBC_G3719",1,17,TRUE,TRUE
"STR_1661","CRBC_G3736",0,3,FALSE,TRUE
"STR_1662","CRBC_G3804",0,3,FALSE,TRUE
"STR_1663","CRBC_G3838",0,3,FALSE,TRUE
"STR_1664","CRBC_G3978",1,14,TRUE,TRUE
"STR_1665","CRBC_G4116",0,3,FALSE,TRUE
"STR_1666","CRBC_G4119",0,3,FALSE,TRUE
"STR_1667","CRBC_G4210",1,14,TRUE,TRUE
"STR_1668","CRBC_G4313",1,14,TRUE,TRUE
"STR_1669","CRBC_G4577",1,2,TRUE,TRUE
"STR_1670","CRBC_G4581",0,3,FALSE,TRUE
"STR_1671","CRBC_G4614",0,17,FALSE,TRUE
"STR_1672","CRBC_G0364",1,4,TRUE,TRUE
"STR_1673","CRBC_G3542",1,14,TRUE,TRUE
"STR_1674","CRBC_G4233",1,14,TRUE,TRUE
"STR_1675","CRBC_G4395",1,14,TRUE,TRUE
"STR_1676","CRBC_G0684",0,4,FALSE,TRUE
"STR_1677","CRBC_G0331",1,14,TRUE,TRUE
"STR_1678","CRBC_G4447",1,14,TRUE,TRUE
"STR_1679","CRBC_G0016",1,14,TRUE,TRUE
"STR_1680","CRBC_G0404",1,14,TRUE,TRUE
"STR_1681","CRBC_G0464",1,14,TRUE,TRUE
"STR_1682","CRBC_G3537",1,14,TRUE,TRUE
"STR_1683","CRBC_G0015",1,14,TRUE,TRUE
"STR_1684","CRBC_G0017",1,14,TRUE,TRUE
"STR_1685","CRBC_G2936",1,14,TRUE,TRUE
"STR_1686","CRBC_G3735",1,2,TRUE,TRUE
"STR_1687","CRBC_G4048",1,2,TRUE,TRUE
"STR_1688","CRBC_G4284",1,2,TRUE,TRUE
"STR_1689","CRBC_G6335",1,2,TRUE,TRUE
"STR_1690","CRBC_G2564",1,3,TRUE,TRUE
"STR_1691","CRBC_G2051",0,14,FALSE,TRUE
"STR_1692","CRBC_G0264",1,14,TRUE,TRUE
"STR_1693","CRBC_G0274",1,14,TRUE,TRUE
"STR_1694","CRBC_G0285",1,14,TRUE,TRUE
"STR_1695","CRBC_G0371",1,14,TRUE,TRUE
"STR_1696","CRBC_G0489",1,14,TRUE,TRUE
"STR_1697","CRBC_G1869",1,14,TRUE,TRUE
"STR_1698","CRBC_G3765",1,14,TRUE,TRUE
"STR_1699","CRBC_G3776",1,14,TRUE,TRUE
"STR_1700","CRBC_G3839",1,14,TRUE,TRUE
"STR_1701","CRBC_G3846",1,14,TRUE,TRUE
"STR_1702","CRBC_G4576",1,14,TRUE,TRUE
"STR_1703","CRBC_G0055",1,4,TRUE,TRUE
"STR_1704","CRBC_G0477",1,4,TRUE,TRUE
"STR_1705","CRBC_G0500",1,4,TRUE,TRUE
"STR_1706","CRBC_G2024",2,5,TRUE,TRUE
"STR_1707","CRBC_G2049",1,14,TRUE,TRUE
"STR_1708","CRBC_G2269",1,3,TRUE,TRUE
"STR_1709","CRBC_G2271",1,3,TRUE,TRUE
"STR_1710","CRBC_G2545",2,5,TRUE,TRUE
"STR_1711","CRBC_G2641",2,5,TRUE,TRUE
"STR_1712","CRBC_G3377",1,4,TRUE,TRUE
"STR_1713","CRBC_G3378",1,4,TRUE,TRUE
"STR_1714","CRBC_G4198",1,4,TRUE,TRUE
"STR_1715","CRBC_G0461",0,2,FALSE,TRUE
"STR_1716","CRBC_G0868",0,25,FALSE,TRUE
"STR_1717","CRBC_G1198",0,14,FALSE,TRUE
"STR_1718","CRBC_G1502",1,25,TRUE,TRUE
"STR_1719","CRBC_G1503",1,25,TRUE,TRUE
"STR_1720","CRBC_G1505",1,25,TRUE,TRUE
"STR_1721","CRBC_G1568",1,25,TRUE,TRUE
"STR_1722","CRBC_G2112",0,14,FALSE,TRUE
"STR_1723","CRBC_G2240",0,14,FALSE,TRUE
"STR_1724","CRBC_G2247",0,14,FALSE,TRUE
"STR_1725","CRBC_G2766",1,9,TRUE,TRUE
"STR_1726","CRBC_G3714",0,2,FALSE,TRUE
"STR_1727","CRBC_G3749",0,14,FALSE,TRUE
"STR_1728","CRBC_G3782",1,2,TRUE,TRUE
"STR_1729","CRBC_G3827",0,21,FALSE,TRUE
"STR_1730","CRBC_G3904",1,14,TRUE,TRUE
"STR_1731","CRBC_G4402",0,14,FALSE,TRUE
"STR_1732","CRBC_G4531",2,31,TRUE,TRUE
"STR_1733","CRBC_G4595",0,21,FALSE,TRUE
"STR_1734","CRBC_G0342",1,18,TRUE,TRUE
"STR_1735","CRBC_G1860",1,3,TRUE,TRUE
"STR_1736","CRBC_G2421",1,3,TRUE,TRUE
"STR_1737","CRBC_G2937",1,3,TRUE,TRUE
"STR_1738","CRBC_G3150",0,2,FALSE,TRUE
"STR_1739","CRBC_G3297",1,2,TRUE,TRUE
"STR_1740","CRBC_G4367",1,2,TRUE,TRUE
"STR_1741","CRBC_G2934",0,1,FALSE,TRUE
"STR_1742","CRBC_G0307",1,4,TRUE,TRUE
"STR_1743","CRBC_G2905",1,3,TRUE,TRUE
"STR_1744","CRBC_G4384",0,3,FALSE,TRUE
"STR_1745","CRBC_G6432",1,2,TRUE,TRUE
"STR_1746","CRBC_G2394",2,5,TRUE,TRUE
"STR_1747","CRBC_G2433",2,5,TRUE,TRUE
"STR_1748","CRBC_G2452",2,5,TRUE,TRUE
"STR_1749","CRBC_G2507",2,5,TRUE,TRUE
"STR_1750","CRBC_G2598",2,5,TRUE,TRUE
"STR_1751","CRBC_G2815",2,5,TRUE,TRUE
"STR_1752","CRBC_G2878",1,14,TRUE,TRUE
"STR_1753","CRBC_G2812",1,3,TRUE,TRUE
"STR_1754","CRBC_G0367",1,18,TRUE,TRUE
"STR_1755","CRBC_G2346",2,5,TRUE,TRUE
"STR_1756","CRBC_G2397",2,5,TRUE,TRUE
"STR_1757","CRBC_G2524",2,5,TRUE,TRUE
"STR_1758","CRBC_G2606",2,5,TRUE,TRUE
"STR_1759","CRBC_G4273",1,3,TRUE,TRUE
"STR_1760","CRBC_G5031",1,6,TRUE,TRUE
"STR_1761","CRBC_G4729",0,2,FALSE,TRUE
"STR_1762","CRBC_G4717",1,14,TRUE,TRUE
"STR_1763","CRBC_G5445",0,8,FALSE,TRUE
"STR_1764","CRBC_G5579",1,8,TRUE,TRUE
"STR_1765","CRBC_G4726",0,14,FALSE,TRUE
"STR_1766","CRBC_G5874",1,2,TRUE,TRUE
"STR_1767","CRBC_G5451",1,8,TRUE,TRUE
"STR_1768","CRBC_G4731",0,2,FALSE,TRUE
"STR_1769","CRBC_G5777",1,8,TRUE,TRUE
"STR_1770","CRBC_G5803",0,8,FALSE,TRUE
"STR_1771","CRBC_G6216",1,8,TRUE,TRUE
"STR_1772","CRBC_G5413",0,8,FALSE,TRUE
"STR_1773","CRBC_G5489",1,8,TRUE,TRUE
"STR_1774","CRBC_G4740",1,3,TRUE,TRUE
"STR_1775","CRBC_G5919",0,22,FALSE,TRUE
"STR_1776","CRBC_G6292",0,8,FALSE,TRUE
"STR_1777","CRBC_G0306",0,7,FALSE,TRUE
"STR_1778","CRBC_G5345",0,2,FALSE,TRUE
"STR_1779","CRBC_G6058",1,2,TRUE,TRUE
"STR_1780","CRBC_G6022",1,8,TRUE,TRUE
"STR_1781","CRBC_G5758",0,8,FALSE,TRUE
"STR_1782","CRBC_G5896",1,8,TRUE,TRUE
"STR_1783","CRBC_G5363",0,8,FALSE,TRUE
"STR_1784","CRBC_G5738",1,8,TRUE,TRUE
"STR_1785","CRBC_G4637",1,6,TRUE,TRUE
"STR_1786","CRBC_G4721",0,2,FALSE,TRUE
"STR_1787","CRBC_G5956",0,8,FALSE,TRUE
"STR_1788","CRBC_G5824",0,8,FALSE,TRUE
"STR_1789","CRBC_G4678",0,14,FALSE,TRUE
"STR_1790","CRBC_G6356",0,4,FALSE,TRUE
"STR_1791","CRBC_G5503",0,2,FALSE,TRUE
"STR_1792","CRBC_G5743",0,8,FALSE,TRUE
"STR_1793","CRBC_G5671",1,2,TRUE,TRUE
"STR_1794","CRBC_G6261",0,8,FALSE,TRUE
"STR_1795","CRBC_G6162",0,8,FALSE,TRUE
"STR_1796","CRBC_G5755",0,8,FALSE,TRUE
"STR_1797","CRBC_G5468",0,8,FALSE,TRUE
"STR_1798","CRBC_G5977",0,8,FALSE,TRUE
"STR_1799","Burkholderia_cepacia_ATCC_39356",1,8,TRUE,TRUE
"STR_1800","Burkholderia_gladioli_10877",1,7,TRUE,TRUE
"STR_1801","Burkholderia_gladioli_ATCC_10248",1,2,TRUE,TRUE
"STR_1802","Burkholderia_glumae_1023",1,2,TRUE,TRUE
"STR_1803","Burkholderia_plantarii_strain_PG1",3,9,TRUE,TRUE
"STR_1804","Burkholderia_pyrrocinia_Lyc2",2,16,TRUE,TRUE
"STR_1805","Burkholderia_thailandensis_E264",2,12,TRUE,TRUE
"STR_1806","Janthinobacterium_agaricidamnosum_NBRC_102515_DSM_9628",0,2,FALSE,TRUE
"STR_1807","Paraburkholderia_caribensis_CICC_10960",1,8,TRUE,TRUE
"STR_1808","Paraburkholderia_phytofirmans_PsJN_DSM17436",1,9,TRUE,TRUE
"STR_1809","Ralstonia_nicotianae_strain_RS",2,23,TRUE,TRUE
